timestamp,traffic_volume,prediction
2011-01-01 00:00:00,32.0,32.0
2011-01-01 01:00:00,21.0,21.0
2011-01-01 02:00:00,24.0,28.7
2011-01-01 03:00:00,23.0,27.29
2011-01-01 04:00:00,19.0,26.002999999999997
2011-01-01 05:00:00,25.0,23.902099999999997
2011-01-01 06:00:00,28.0,24.231469999999998
2011-01-01 07:00:00,44.0,25.362029
2011-01-01 08:00:00,75.0,25.362029
2011-01-01 09:00:00,121.0,25.362029
2011-01-01 10:00:00,212.0,212.0
2011-01-01 11:00:00,243.0,243.0
2011-01-01 12:00:00,306.0,306.0
2011-01-01 13:00:00,301.0,306.0
2011-01-01 14:00:00,281.0,304.5
2011-01-01 15:00:00,290.0,281.0
2011-01-01 16:00:00,255.0,300.15
2011-01-01 17:00:00,210.0,300.15
2011-01-01 18:00:00,169.0,211.39999999999998
2011-01-01 19:00:00,118.0,211.39999999999998
2011-01-01 20:00:00,115.0,120.1
2011-01-01 21:00:00,82.0,115.0
2011-01-01 22:00:00,56.0,25.362029
2011-01-01 23:00:00,50.0,25.362029
2011-01-02 00:00:00,39.0,25.362029
2011-01-02 01:00:00,24.0,29.453420299999998
2011-01-02 02:00:00,19.0,27.817394209999996
2011-01-02 03:00:00,7.0,25.172175946999996
2011-01-02 04:00:00,14.0,7.0
2011-01-02 05:00:00,22.0,9.1
2011-01-02 06:00:00,20.0,24.220523162899994
2011-01-02 07:00:00,60.0,22.954366214029996
2011-01-02 08:00:00,123.0,120.1
2011-01-02 09:00:00,149.0,211.39999999999998
2011-01-02 10:00:00,243.0,246.6
2011-01-02 11:00:00,342.0,9.1
2011-01-02 12:00:00,396.0,396.0
2011-01-02 13:00:00,423.0,396.0
2011-01-02 14:00:00,410.0,423.0
2011-01-02 15:00:00,460.0,419.09999999999997
2011-01-02 16:00:00,377.0,419.09999999999997
2011-01-02 17:00:00,294.0,169.0
2011-01-02 18:00:00,236.0,120.97
2011-01-02 19:00:00,173.0,245.51999999999998
2011-01-02 20:00:00,151.0,77.1
2011-01-02 21:00:00,89.0,51.82399999999999
2011-01-02 22:00:00,58.0,22.954366214029996
2011-01-02 23:00:00,87.0,22.954366214029996
2011-01-03 00:00:00,59.0,22.954366214029996
2011-01-03 01:00:00,24.0,22.954366214029996
2011-01-03 02:00:00,21.0,23.268056349820995
2011-01-03 03:00:00,18.0,18.0
2011-01-03 04:00:00,34.0,34.0
2011-01-03 05:00:00,45.0,45.0
2011-01-03 06:00:00,67.0,67.0
2011-01-03 07:00:00,126.0,126.0
2011-01-03 08:00:00,135.0,135.0
2011-01-03 09:00:00,152.0,152.0
2011-01-03 10:00:00,202.0,202.0
2011-01-03 11:00:00,264.0,264.0
2011-01-03 12:00:00,240.0,240.0
2011-01-03 13:00:00,239.0,239.0
2011-01-03 14:00:00,247.0,247.0
2011-01-03 15:00:00,288.0,288.0
2011-01-03 16:00:00,303.0,303.0
2011-01-03 17:00:00,284.0,284.0
2011-01-03 18:00:00,183.0,183.0
2011-01-03 19:00:00,130.0,130.0
2011-01-03 20:00:00,97.0,97.0
2011-01-03 21:00:00,60.0,60.0
2011-01-03 22:00:00,53.0,53.0
2011-01-03 23:00:00,39.0,39.0
2011-01-04 00:00:00,36.0,36.0
2011-01-04 01:00:00,27.0,27.0
2011-01-04 02:00:00,28.0,28.0
2011-01-04 03:00:00,20.0,20.0
2011-01-04 04:00:00,34.0,34.0
2011-01-04 05:00:00,38.0,38.0
2011-01-04 06:00:00,76.0,76.0
2011-01-04 07:00:00,123.0,123.0
2011-01-04 08:00:00,132.0,150.32
2011-01-04 09:00:00,136.0,208.57999999999996
2011-01-04 10:00:00,169.0,278.33
2011-01-04 11:00:00,204.0,243.78335999999996
2011-01-04 12:00:00,184.0,243.78335999999996
2011-01-04 13:00:00,216.0,243.78335999999996
2011-01-04 14:00:00,212.0,297.5494499999999
2011-01-04 15:00:00,221.0,297.5494499999999
2011-01-04 16:00:00,243.0,278.33
2011-01-04 17:00:00,236.0,175.96959999999999
2011-01-04 18:00:00,171.0,130.28709553
2011-01-04 19:00:00,106.0,109.6
2011-01-04 20:00:00,72.0,54.07389967999999
2011-01-04 21:00:00,61.0,54.07389967999999
2011-01-04 22:00:00,64.0,31.63980562459453
2011-01-04 23:00:00,52.0,31.63980562459453
2011-01-05 00:00:00,40.0,31.63980562459453
2011-01-05 01:00:00,35.0,34.14786393721617
2011-01-05 02:00:00,23.0,34.40350475605132
2011-01-05 03:00:00,18.0,30.98245332923592
2011-01-05 04:00:00,32.0,30.98245332923592
2011-01-05 05:00:00,57.0,31.287717330465142
2011-01-05 06:00:00,60.0,31.287717330465142
2011-01-05 07:00:00,110.0,130.28709553
2011-01-05 08:00:00,159.0,130.28709553
2011-01-05 09:00:00,143.0,174.47871999999998
2011-01-05 10:00:00,174.0,208.64419999999996
2011-01-05 11:00:00,206.0,174.33510399999997
2011-01-05 12:00:00,177.0,243.54835199999997
2011-01-05 13:00:00,193.0,175.13457279999997
2011-01-05 14:00:00,246.0,203.39565799999997
2011-01-05 15:00:00,268.0,244.28384639999996
2011-01-05 16:00:00,278.0,275.231
2011-01-05 17:00:00,268.0,175.13457279999997
2011-01-05 18:00:00,165.0,108.96399999999998
2011-01-05 19:00:00,113.0,75.730167
2011-01-05 20:00:00,93.0,57.6816303192176
2011-01-05 21:00:00,75.0,57.6816303192176
2011-01-05 22:00:00,37.0,57.6816303192176
2011-01-05 23:00:00,51.0,33.0014021313256
2011-01-06 00:00:00,38.0,33.0014021313256
2011-01-06 01:00:00,25.0,34.50098149192792
2011-01-06 02:00:00,22.0,31.65068704434954
2011-01-06 03:00:00,25.0,28.755480931044673
2011-01-06 04:00:00,28.0,27.62883665173127
2011-01-06 05:00:00,42.0,27.740185656211885
2011-01-06 06:00:00,61.0,32.018129959348315
2011-01-06 07:00:00,111.0,32.018129959348315
2011-01-06 08:00:00,144.0,149.94679999999997
2011-01-06 09:00:00,144.0,172.09420095999997
2011-01-06 10:00:00,167.0,203.39565799999997
2011-01-06 11:00:00,190.0,170.56594067199998
2011-01-06 12:00:00,211.0,170.56594067199998
2011-01-06 13:00:00,213.0,202.86387241999995
2011-01-06 14:00:00,255.0,202.86387241999995
2011-01-06 15:00:00,309.0,297.5494499999999
2011-01-06 16:00:00,359.0,273.64318999999995
2011-01-06 17:00:00,323.0,170.56594067199998
2011-01-06 18:00:00,207.0,106.81565199999997
2011-01-06 19:00:00,151.0,106.81565199999997
2011-01-06 20:00:00,129.0,75.51111689999999
2011-01-06 21:00:00,113.0,57.27399885641661
2011-01-06 22:00:00,82.0,57.27399885641661
2011-01-06 23:00:00,76.0,32.018129959348315
2011-01-07 00:00:00,38.0,32.018129959348315
2011-01-07 01:00:00,32.0,33.812690971543816
2011-01-07 02:00:00,37.0,33.26888368008067
2011-01-07 03:00:00,43.0,34.38821857605647
2011-01-07 04:00:00,36.0,34.38821857605647
2011-01-07 05:00:00,52.0,34.871753003239526
2011-01-07 06:00:00,42.0,34.871753003239526
2011-01-07 07:00:00,70.0,37.01022710226766
2011-01-07 08:00:00,159.0,148.13975239999996
2011-01-07 09:00:00,121.0,204.10471069399995
2011-01-07 10:00:00,114.0,204.10471069399995
2011-01-07 11:00:00,148.0,204.10471069399995
2011-01-07 12:00:00,159.0,150.37847867599996
2011-01-07 13:00:00,138.0,152.96493507319997
2011-01-07 14:00:00,199.0,152.96493507319997
2011-01-07 15:00:00,215.0,152.96493507319997
2011-01-07 16:00:00,252.0,202.57329748579994
2011-01-07 17:00:00,181.0,170.56594067199998
2011-01-07 18:00:00,164.0,130.46147376678996
2011-01-07 19:00:00,99.0,110.26966947999998
2011-01-07 20:00:00,105.0,52.694259439644135
2011-01-07 21:00:00,88.0,52.694259439644135
2011-01-07 22:00:00,60.0,52.694259439644135
2011-01-07 23:00:00,53.0,37.01022710226766
2011-01-08 00:00:00,54.0,37.01022710226766
2011-01-08 01:00:00,17.0,37.01022710226766
2011-01-08 02:00:00,21.0,37.01022710226766
2011-01-08 03:00:00,28.0,32.20715897158736
2011-01-08 04:00:00,29.0,30.945011280111153
2011-01-08 05:00:00,28.0,30.361507896077804
2011-01-08 06:00:00,45.0,29.65305552725446
2011-01-08 07:00:00,73.0,51.45689169145855
2011-01-08 08:00:00,118.0,130.46147376678996
2011-01-08 09:00:00,154.0,126.72303163675298
2011-01-08 10:00:00,211.0,248.84908473599995
2011-01-08 11:00:00,220.0,300.98461499999996
2011-01-08 12:00:00,233.0,300.98461499999996
2011-01-08 13:00:00,225.0,224.82409099999995
2011-01-08 14:00:00,226.0,224.87686369999994
2011-01-08 15:00:00,190.0,300.98461499999996
2011-01-08 16:00:00,187.0,200.57091576804194
2011-01-08 17:00:00,130.0,175.651117650496
2011-01-08 18:00:00,128.0,127.70612214572708
2011-01-08 19:00:00,77.0,127.79428550200896
2011-01-08 20:00:00,76.0,77.0616093921681
2011-01-08 21:00:00,58.0,29.65305552725446
2011-01-08 22:00:00,55.0,53.41982418402098
2011-01-08 23:00:00,35.0,29.65305552725446
2011-01-09 00:00:00,41.0,31.25713886907812
2011-01-09 01:00:00,21.0,34.17999720835468
2011-01-09 02:00:00,11.0,14.647299999999998
2011-01-09 03:00:00,6.0,13.553109999999997
2011-01-09 04:00:00,14.0,30.225998045848275
2011-01-09 05:00:00,17.0,30.225998045848275
2011-01-09 06:00:00,29.0,13.570716729999997
2011-01-09 07:00:00,33.0,29.858198632093792
2011-01-09 08:00:00,98.0,153.27545455123996
2011-01-09 09:00:00,127.0,153.27545455123996
2011-01-09 10:00:00,173.0,342.0
2011-01-09 11:00:00,221.0,342.0
2011-01-09 12:00:00,209.0,223.94966321299995
2011-01-09 13:00:00,251.0,203.09964103762934
2011-01-09 14:00:00,248.0,300.98461499999996
2011-01-09 15:00:00,286.0,371.59999999999997
2011-01-09 16:00:00,213.0,249.04605152063994
2011-01-09 17:00:00,172.0,220.66476424909996
2011-01-09 18:00:00,148.0,173.99904764874302
2011-01-09 19:00:00,124.0,151.69281818586796
2011-01-09 20:00:00,103.0,76.74312657451766
2011-01-09 21:00:00,85.0,53.893876928814684
2011-01-09 22:00:00,49.0,53.893876928814684
2011-01-09 23:00:00,62.0,30.80073904246565
2011-01-10 00:00:00,45.0,30.80073904246565
2011-01-10 01:00:00,21.0,30.80073904246565
2011-01-10 02:00:00,24.0,13.570716729999997
2011-01-10 03:00:00,24.0,26.702362130808165
2011-01-10 04:00:00,30.0,52.20859978658343
2011-01-10 05:00:00,58.0,79.22018860216235
2011-01-10 06:00:00,61.0,126.48919989598437
2011-01-10 07:00:00,127.0,126.48919989598437
2011-01-10 08:00:00,174.0,126.64243992718906
2011-01-10 09:00:00,156.0,203.09964103762934
2011-01-10 10:00:00,184.0,203.09964103762934
2011-01-10 11:00:00,274.0,249.04605152063994
2011-01-10 12:00:00,208.0,249.04605152063994
2011-01-10 13:00:00,209.0,249.04605152063994
2011-01-10 14:00:00,206.0,296.48923049999996
2011-01-10 15:00:00,294.0,296.48923049999996
2011-01-10 16:00:00,289.0,273.750233
2011-01-10 17:00:00,240.0,176.99953334788407
2011-01-10 18:00:00,169.0,126.64243992718906
2011-01-10 19:00:00,122.0,126.64243992718906
2011-01-10 20:00:00,89.0,56.06221389542587
2011-01-10 21:00:00,60.0,56.06221389542587
2011-01-10 22:00:00,51.0,57.24354972679811
2011-01-10 23:00:00,57.0,27.124157444095996
2011-01-11 00:00:00,51.0,27.124157444095996
2011-01-11 01:00:00,24.0,27.124157444095996
2011-01-11 02:00:00,25.0,26.186910210867197
2011-01-11 03:00:00,36.0,25.830837147607035
2011-01-11 04:00:00,21.0,28.88158600332492
2011-01-11 05:00:00,42.0,82.15413202151365
2011-01-11 06:00:00,57.0,125.24970794903234
2011-01-11 07:00:00,97.0,125.24970794903234
2011-01-11 08:00:00,138.0,125.24970794903234
2011-01-11 09:00:00,150.0,174.59967334351884
2011-01-11 10:00:00,172.0,205.92917687590682
2011-01-11 11:00:00,211.0,205.92917687590682
2011-01-11 12:00:00,203.0,207.45042381313476
2011-01-11 13:00:00,242.0,206.11529666919432
2011-01-11 14:00:00,241.0,293.719722945
2011-01-11 15:00:00,265.0,293.719722945
2011-01-11 16:00:00,330.0,271.1251631
2011-01-11 17:00:00,243.0,173.81977134046318
2011-01-11 18:00:00,180.0,129.07479556432264
2011-01-11 19:00:00,144.0,101.60449334950356
2011-01-11 20:00:00,117.0,55.18107628940422
2011-01-11 21:00:00,87.0,55.18107628940422
2011-01-11 22:00:00,69.0,55.18107628940422
2011-01-11 23:00:00,53.0,31.161977141629208
2011-01-12 00:00:00,55.0,31.161977141629208
2011-01-12 01:00:00,26.0,31.161977141629208
2011-01-12 02:00:00,20.0,29.613383999140446
2011-01-12 03:00:00,7.0,26.729368799398312
2011-01-12 04:00:00,18.0,26.729368799398312
2011-01-12 05:00:00,25.0,54.66872738180806
2011-01-12 06:00:00,35.0,26.210558159578817
2011-01-12 07:00:00,29.0,28.84739071170517
2011-01-12 08:00:00,49.0,28.89317349819362
2011-01-12 09:00:00,57.0,28.89317349819362
2011-01-12 10:00:00,59.0,28.89317349819362
2011-01-12 11:00:00,83.0,28.89317349819362
2011-01-12 12:00:00,91.0,28.89317349819362
2011-01-12 13:00:00,85.0,28.89317349819362
2011-01-12 14:00:00,103.0,55.62437349196016
2011-01-12 15:00:00,114.0,99.79620174125674
2011-01-12 16:00:00,131.0,28.89317349819362
2011-01-12 17:00:00,127.0,28.89317349819362
2011-01-12 18:00:00,104.0,28.89317349819362
2011-01-12 19:00:00,55.0,104.0401388532158
2011-01-12 20:00:00,49.0,81.7505070983654
2011-01-12 21:00:00,54.0,53.50594301106047
2011-01-12 22:00:00,42.0,53.65416010774233
2011-01-12 23:00:00,29.0,53.65416010774233
2011-01-13 00:00:00,26.0,31.677655014114873
2011-01-13 01:00:00,20.0,29.97435850988041
2011-01-13 02:00:00,11.0,26.982050956916286
2011-01-13 03:00:00,26.0,26.982050956916286
2011-01-13 04:00:00,20.0,26.6874356698414
2011-01-13 05:00:00,35.0,24.681204968888977
2011-01-13 06:00:00,60.0,27.776843478222283
2011-01-13 07:00:00,114.0,127.08165487856266
2011-01-13 08:00:00,116.0,149.6626366377527
2011-01-13 09:00:00,155.0,175.67383993832422
2011-01-13 10:00:00,156.0,206.11529666919432
2011-01-13 11:00:00,246.0,206.11529666919432
2011-01-13 12:00:00,232.0,244.3031698790739
2011-01-13 13:00:00,232.0,244.3031698790739
2011-01-13 14:00:00,292.0,293.719722945
2011-01-13 15:00:00,302.0,293.2038060615
2011-01-13 16:00:00,272.0,271.1251631
2011-01-13 17:00:00,282.0,175.67383993832422
2011-01-13 18:00:00,178.0,107.02809719725104
2011-01-13 19:00:00,145.0,107.02809719725104
2011-01-13 20:00:00,126.0,81.7505070983654
2011-01-13 21:00:00,79.0,55.55791207541963
2011-01-13 22:00:00,62.0,55.55791207541963
2011-01-13 23:00:00,47.0,27.776843478222283
2011-01-14 00:00:00,45.0,27.776843478222283
2011-01-14 01:00:00,31.0,27.776843478222283
2011-01-14 02:00:00,22.0,28.743790434755596
2011-01-14 03:00:00,21.0,26.720653304328913
2011-01-14 04:00:00,39.0,25.004457313030237
2011-01-14 05:00:00,32.0,29.203120119121163
2011-01-14 06:00:00,80.0,30.04218408338481
2011-01-14 07:00:00,122.0,124.4300108904957
2011-01-14 08:00:00,139.0,150.37928436674918
2011-01-14 09:00:00,171.0,176.37168795682695
2011-01-14 10:00:00,224.0,226.44573448205895
2011-01-14 11:00:00,277.0,206.11529666919432
2011-01-14 12:00:00,367.0,225.71201413744126
2011-01-14 13:00:00,311.0,244.3031698790739
2011-01-14 14:00:00,440.0,460.0
2011-01-14 15:00:00,488.0,370.2199999999999
2011-01-14 16:00:00,536.0,174.76018156977887
2011-01-14 17:00:00,470.0,174.76018156977887
2011-01-14 18:00:00,370.0,128.29070533634288
2011-01-14 19:00:00,355.0,370.15399999999994
2011-01-14 20:00:00,317.0,370.15399999999994
2011-01-14 21:00:00,256.0,225.71201413744126
2011-01-14 22:00:00,227.0,247.8122189153517
2011-01-14 23:00:00,147.0,30.04218408338481
2011-01-15 00:00:00,79.0,30.04218408338481
2011-01-15 01:00:00,41.0,30.04218408338481
2011-01-15 02:00:00,23.0,33.329528858369365
2011-01-15 03:00:00,15.0,30.23067020085855
2011-01-15 04:00:00,43.0,30.23067020085855
2011-01-15 05:00:00,31.0,30.23067020085855
2011-01-15 06:00:00,72.0,30.461469140600983
2011-01-15 07:00:00,155.0,128.29070533634288
2011-01-15 08:00:00,234.0,226.09840989620886
2011-01-15 09:00:00,312.0,228.4688869273462
2011-01-15 10:00:00,359.0,228.4688869273462
2011-01-15 11:00:00,460.0,396.0
2011-01-15 12:00:00,466.0,228.4688869273462
2011-01-15 13:00:00,377.0,228.4688869273462
2011-01-15 14:00:00,370.0,369.86546
2011-01-15 15:00:00,338.0,369.905822
2011-01-15 16:00:00,272.0,174.76018156977887
2011-01-15 17:00:00,198.0,128.29070533634288
2011-01-15 18:00:00,170.0,128.29070533634288
2011-01-15 19:00:00,144.0,77.70739675431751
2011-01-15 20:00:00,100.0,77.70739675431751
2011-01-15 21:00:00,81.0,48.97825468930825
2011-01-15 22:00:00,47.0,30.461469140600983
2011-01-15 23:00:00,44.0,30.461469140600983
2011-01-16 00:00:00,37.0,30.461469140600983
2011-01-16 01:00:00,13.0,32.42302839842068
2011-01-16 02:00:00,11.0,13.304240360811098
2011-01-16 03:00:00,14.0,12.612968252567768
2011-01-16 04:00:00,14.0,13.029077776797436
2011-01-16 05:00:00,17.0,13.320354443758205
2011-01-16 06:00:00,44.0,32.42302839842068
2011-01-16 07:00:00,79.0,128.29070533634288
2011-01-16 08:00:00,150.0,148.93909453779494
2011-01-16 09:00:00,224.0,173.3321270988452
2011-01-16 10:00:00,290.0,343.53
2011-01-16 11:00:00,347.0,396.0
2011-01-16 12:00:00,434.0,419.09999999999997
2011-01-16 13:00:00,442.0,419.09999999999997
2011-01-16 14:00:00,396.0,419.09999999999997
2011-01-16 15:00:00,351.0,294.08986497013495
2011-01-16 16:00:00,293.0,227.12822084914234
2011-01-16 17:00:00,215.0,227.12822084914234
2011-01-16 18:00:00,201.0,173.3321270988452
2011-01-16 19:00:00,156.0,104.91966803807573
2011-01-16 20:00:00,121.0,78.78662440961558
2011-01-16 21:00:00,76.0,46.14854135843272
2011-01-16 22:00:00,77.0,46.14854135843272
2011-01-16 23:00:00,62.0,46.14854135843272
2011-01-17 00:00:00,48.0,32.42302839842068
2011-01-17 01:00:00,24.0,32.42302839842068
2011-01-17 02:00:00,12.0,29.896119878894478
2011-01-17 03:00:00,18.0,29.896119878894478
2011-01-17 04:00:00,34.0,50.03278526563202
2011-01-17 05:00:00,41.0,50.03278526563202
2011-01-17 06:00:00,61.0,126.10349373544001
2011-01-17 07:00:00,111.0,126.10349373544001
2011-01-17 08:00:00,152.0,151.28015632351952
2011-01-17 09:00:00,242.0,173.3321270988452
2011-01-17 10:00:00,333.0,274.30995166030993
2011-01-17 11:00:00,378.0,202.8764953679052
2011-01-17 12:00:00,448.0,202.8764953679052
2011-01-17 13:00:00,412.0,441.9379999999999
2011-01-17 14:00:00,427.0,293.76290547909446
2011-01-17 15:00:00,409.0,293.76290547909446
2011-01-17 16:00:00,409.0,416.6852999999999
2011-01-17 17:00:00,340.0,173.3321270988452
2011-01-17 18:00:00,232.0,126.10349373544001
2011-01-17 19:00:00,166.0,126.10349373544001
2011-01-17 20:00:00,130.0,53.32294968594242
2011-01-17 21:00:00,80.0,53.32294968594242
2011-01-17 22:00:00,71.0,53.32294968594242
2011-01-17 23:00:00,60.0,53.32294968594242
2011-01-18 00:00:00,40.0,34.089098740658294
2011-01-18 01:00:00,19.0,35.862369118460805
2011-01-18 02:00:00,20.0,30.80365838292256
2011-01-18 03:00:00,28.0,27.56256086804579
2011-01-18 04:00:00,28.0,27.693792607632055
2011-01-18 05:00:00,47.0,55.32606478015969
2011-01-18 06:00:00,44.0,127.272445614808
2011-01-18 07:00:00,44.0,127.272445614808
2011-01-18 08:00:00,72.0,127.272445614808
2011-01-18 09:00:00,74.0,171.13248896919163
2011-01-18 10:00:00,76.0,74.63647357516686
2011-01-18 11:00:00,100.0,75.0455315026168
2011-01-18 12:00:00,97.0,75.0455315026168
2011-01-18 13:00:00,111.0,102.40444613705996
2011-01-18 14:00:00,131.0,104.98311229594196
2011-01-18 15:00:00,166.0,246.06855324074618
2011-01-18 16:00:00,162.0,169.59274227843412
2011-01-18 17:00:00,126.0,104.98311229594196
2011-01-18 18:00:00,107.0,104.98311229594196
2011-01-18 19:00:00,69.0,105.58817860715936
2011-01-18 20:00:00,56.0,73.23187205183176
2011-01-18 21:00:00,51.0,50.628088153716334
2011-01-18 22:00:00,21.0,50.73966170760143
2011-01-18 23:00:00,31.0,25.74995837773971
2011-01-19 00:00:00,37.0,27.324970864417793
2011-01-19 01:00:00,9.0,30.227479605092455
2011-01-19 02:00:00,15.0,30.227479605092455
2011-01-19 03:00:00,22.0,30.227479605092455
2011-01-19 04:00:00,33.0,27.759235723564714
2011-01-19 05:00:00,31.0,50.73966170760143
2011-01-19 06:00:00,48.0,29.832025504546706
2011-01-19 07:00:00,100.0,127.67349835125592
2011-01-19 08:00:00,136.0,154.64727659852454
2011-01-19 09:00:00,151.0,169.59274227843412
2011-01-19 10:00:00,148.0,202.8764953679052
2011-01-19 11:00:00,189.0,202.8764953679052
2011-01-19 12:00:00,184.0,198.7135467575336
2011-01-19 13:00:00,220.0,246.06855324074618
2011-01-19 14:00:00,229.0,293.76290547909446
2011-01-19 15:00:00,281.0,274.30995166030993
2011-01-19 16:00:00,273.0,276.31696616221694
2011-01-19 17:00:00,246.0,173.91491959490386
2011-01-19 18:00:00,151.0,151.88716553327703
2011-01-19 19:00:00,121.0,103.91172502501155
2011-01-19 20:00:00,107.0,73.23187205183176
2011-01-19 21:00:00,82.0,49.917763195320994
2011-01-19 22:00:00,69.0,49.917763195320994
2011-01-19 23:00:00,57.0,29.832025504546706
2011-01-20 00:00:00,20.0,29.832025504546706
2011-01-20 01:00:00,21.0,26.882417853182695
2011-01-20 02:00:00,18.0,25.117692497227885
2011-01-20 03:00:00,25.0,25.117692497227885
2011-01-20 04:00:00,32.0,25.082384748059518
2011-01-20 05:00:00,32.0,27.157669323641663
2011-01-20 06:00:00,52.0,28.61036852654916
2011-01-20 07:00:00,127.0,127.42001419211537
2011-01-20 08:00:00,184.0,151.6210158732939
2011-01-20 09:00:00,204.0,151.6210158732939
2011-01-20 10:00:00,270.0,200.2994827302735
2011-01-20 11:00:00,279.0,200.2994827302735
2011-01-20 12:00:00,311.0,225.66098582587904
2011-01-20 13:00:00,350.0,246.04798726852232
2011-01-20 14:00:00,390.0,293.76290547909446
2011-01-20 15:00:00,333.0,275.30771939364035
2011-01-20 16:00:00,388.0,275.30771939364035
2011-01-20 17:00:00,343.0,176.9404437164327
2011-01-20 18:00:00,261.0,151.6210158732939
2011-01-20 19:00:00,186.0,104.83820751750807
2011-01-20 20:00:00,140.0,73.80361730539755
2011-01-20 21:00:00,103.0,52.02970396570728
2011-01-20 22:00:00,79.0,52.02970396570728
2011-01-20 23:00:00,76.0,28.61036852654916
2011-01-21 00:00:00,41.0,28.61036852654916
2011-01-21 01:00:00,52.0,32.32725796858441
2011-01-21 02:00:00,29.0,32.32725796858441
2011-01-21 03:00:00,27.0,31.329080578009087
2011-01-21 04:00:00,36.0,30.03035640460636
2011-01-21 05:00:00,26.0,52.02079277599509
2011-01-21 06:00:00,61.0,127.29400993448075
2011-01-21 07:00:00,88.0,127.29400993448075
2011-01-21 08:00:00,88.0,148.13471111130573
2011-01-21 09:00:00,126.0,148.13471111130573
2011-01-21 10:00:00,159.0,200.2994827302735
2011-01-21 11:00:00,212.0,225.66098582587904
2011-01-21 12:00:00,242.0,225.66098582587904
2011-01-21 13:00:00,249.0,244.8335910879656
2011-01-21 14:00:00,338.0,372.33407539999996
2011-01-21 15:00:00,423.0,372.33407539999996
2011-01-21 16:00:00,429.0,343.06057796999994
2011-01-21 17:00:00,411.0,420.5760578999999
2011-01-21 18:00:00,333.0,343.06057796999994
2011-01-21 19:00:00,261.0,246.0835137615759
2011-01-21 20:00:00,207.0,246.0835137615759
2011-01-21 21:00:00,174.0,151.394297777914
2011-01-21 22:00:00,103.0,54.71455494319656
2011-01-21 23:00:00,74.0,30.074874638257114
2011-01-22 00:00:00,60.0,30.074874638257114
2011-01-22 01:00:00,20.0,30.074874638257114
2011-01-22 02:00:00,23.0,27.05241224677998
2011-01-22 03:00:00,15.0,25.836688572745985
2011-01-22 04:00:00,32.0,25.836688572745985
2011-01-22 05:00:00,30.0,27.685682000922185
2011-01-22 06:00:00,59.0,28.37997740064553
2011-01-22 07:00:00,119.0,126.90580695413652
2011-01-22 08:00:00,204.0,225.66098582587904
2011-01-22 09:00:00,292.0,372.33407539999996
2011-01-22 10:00:00,447.0,372.33407539999996
2011-01-22 11:00:00,439.0,463.27
2011-01-22 12:00:00,532.0,372.33407539999996
2011-01-22 13:00:00,437.0,372.33407539999996
2011-01-22 14:00:00,460.0,440.58373399999994
2011-01-22 15:00:00,413.0,417.7032405299999
2011-01-22 16:00:00,344.0,204.53672257648378
2011-01-22 17:00:00,272.0,204.53672257648378
2011-01-22 18:00:00,186.0,124.53406486789555
2011-01-22 19:00:00,140.0,103.90072168357895
2011-01-22 20:00:00,109.0,79.53094396051816
2011-01-22 21:00:00,97.0,57.11013192216632
2011-01-22 22:00:00,57.0,57.11013192216632
2011-01-22 23:00:00,65.0,28.37997740064553
2011-01-23 00:00:00,34.0,28.37997740064553
2011-01-23 01:00:00,23.0,15.009690365967593
2011-01-23 02:00:00,17.0,15.009690365967593
2011-01-23 03:00:00,6.0,15.606783256177314
2011-01-23 04:00:00,16.0,12.724748279324118
2011-01-23 05:00:00,18.0,13.707323795526882
2011-01-23 06:00:00,32.0,14.995126656868816
2011-01-23 07:00:00,82.0,147.9760084445398
2011-01-23 08:00:00,122.0,147.9760084445398
2011-01-23 09:00:00,230.0,293.23403383536606
2011-01-23 10:00:00,311.0,343.34240457899995
2011-01-23 11:00:00,349.0,440.58373399999994
2011-01-23 12:00:00,414.0,440.58373399999994
2011-01-23 13:00:00,430.0,415.60458785969985
2011-01-23 14:00:00,443.0,419.92321150178986
2011-01-23 15:00:00,435.0,419.92321150178986
2011-01-23 16:00:00,347.0,226.96269007811532
2011-01-23 17:00:00,258.0,226.96269007811532
2011-01-23 18:00:00,208.0,147.9760084445398
2011-01-23 19:00:00,152.0,123.77384540752689
2011-01-23 20:00:00,116.0,80.27166077236271
2011-01-23 21:00:00,93.0,59.45396464186149
2011-01-23 22:00:00,63.0,59.45396464186149
2011-01-23 23:00:00,71.0,60.517775249303035
2011-01-24 00:00:00,38.0,29.162332248421407
2011-01-24 01:00:00,22.0,31.813632573894985
2011-01-24 02:00:00,22.0,28.86954280172649
2011-01-24 03:00:00,13.0,26.80867996120854
2011-01-24 04:00:00,23.0,26.80867996120854
2011-01-24 05:00:00,39.0,60.517775249303035
2011-01-24 06:00:00,67.0,60.517775249303035
2011-01-24 07:00:00,129.0,149.18320591117785
2011-01-24 08:00:00,148.0,149.18320591117785
2011-01-24 09:00:00,140.0,148.8282441378245
2011-01-24 10:00:00,191.0,269.2075477520186
2011-01-24 11:00:00,194.0,201.20299406247705
2011-01-24 12:00:00,202.0,199.0420958437339
2011-01-24 13:00:00,188.0,199.9294670906137
2011-01-24 14:00:00,191.0,196.3506269634296
2011-01-24 15:00:00,240.0,293.23403383536606
2011-01-24 16:00:00,291.0,246.76092174317216
2011-01-24 17:00:00,229.0,180.3725721947364
2011-01-24 18:00:00,160.0,123.70918424968815
2011-01-24 19:00:00,117.0,123.70918424968815
2011-01-24 20:00:00,85.0,60.517775249303035
2011-01-24 21:00:00,69.0,60.517775249303035
2011-01-24 22:00:00,52.0,60.517775249303035
2011-01-24 23:00:00,48.0,29.66625318099218
2011-01-25 00:00:00,32.0,29.66625318099218
2011-01-25 01:00:00,16.0,30.366377226694524
2011-01-25 02:00:00,40.0,30.366377226694524
2011-01-25 03:00:00,45.0,33.25646405868616
2011-01-25 04:00:00,20.0,33.25646405868616
2011-01-25 05:00:00,63.0,51.98159691051094
2011-01-25 06:00:00,76.0,121.6964289747817
2011-01-25 07:00:00,161.0,121.6964289747817
2011-01-25 08:00:00,136.0,153.52808773927376
2011-01-25 09:00:00,122.0,75.284688026011
2011-01-25 10:00:00,124.0,124.79125019764302
2011-01-25 11:00:00,164.0,124.5538751383501
2011-01-25 12:00:00,149.0,124.5538751383501
2011-01-25 13:00:00,160.0,124.5538751383501
2011-01-25 14:00:00,194.0,194.7454388744007
2011-01-25 15:00:00,239.0,292.56382368475624
2011-01-25 16:00:00,285.0,244.43264522022048
2011-01-25 17:00:00,211.0,175.46080053631547
2011-01-25 18:00:00,161.0,124.5538751383501
2011-01-25 19:00:00,103.0,99.93094753746757
2011-01-25 20:00:00,99.0,75.284688026011
2011-01-25 21:00:00,59.0,55.287117837357656
2011-01-25 22:00:00,68.0,56.400982486150355
2011-01-25 23:00:00,60.0,29.279524841080313
2011-01-26 00:00:00,46.0,29.279524841080313
2011-01-26 01:00:00,17.0,29.279524841080313
2011-01-26 02:00:00,12.0,29.279524841080313
2011-01-26 03:00:00,27.0,29.279524841080313
2011-01-26 04:00:00,29.0,28.59566738875622
2011-01-26 05:00:00,45.0,54.03648141821366
2011-01-26 06:00:00,72.0,124.5538751383501
2011-01-26 07:00:00,105.0,124.5538751383501
2011-01-26 08:00:00,128.0,156.46313409457088
2011-01-26 09:00:00,153.0,156.46313409457088
2011-01-26 10:00:00,140.0,199.46526504845633
2011-01-26 11:00:00,204.0,199.46526504845633
2011-01-26 12:00:00,218.0,227.57388305468072
2011-01-26 13:00:00,171.0,200.8256855339194
2011-01-26 14:00:00,205.0,269.2075477520186
2011-01-26 15:00:00,212.0,269.2075477520186
2011-01-26 16:00:00,238.0,205.05458591162048
2011-01-26 17:00:00,187.0,174.12256037542082
2011-01-26 18:00:00,132.0,150.7969357063397
2011-01-26 19:00:00,70.0,28.71696717212935
2011-01-26 20:00:00,73.0,71.93864799292177
2011-01-26 21:00:00,55.0,51.32553699274956
2011-01-26 22:00:00,32.0,52.42787589492469
2011-01-26 23:00:00,50.0,29.701877020490542
2011-01-27 00:00:00,25.0,29.701877020490542
2011-01-27 01:00:00,11.0,28.291313914343377
2011-01-27 02:00:00,16.0,28.291313914343377
2011-01-27 03:00:00,10.0,28.291313914343377
2011-01-27 04:00:00,18.0,28.291313914343377
2011-01-27 05:00:00,24.0,51.69951312644728
2011-01-27 06:00:00,47.0,127.51139881779153
2011-01-27 07:00:00,71.0,127.51139881779153
2011-01-27 08:00:00,88.0,150.7969357063397
2011-01-27 09:00:00,141.0,150.7969357063397
2011-01-27 10:00:00,117.0,147.8578549944378
2011-01-27 11:00:00,130.0,147.8578549944378
2011-01-27 12:00:00,152.0,147.8578549944378
2011-01-27 13:00:00,179.0,205.05458591162048
2011-01-27 14:00:00,227.0,290.29467657932935
2011-01-27 15:00:00,248.0,269.2075477520186
2011-01-27 16:00:00,282.0,269.2075477520186
2011-01-27 17:00:00,271.0,178.2900545839562
2011-01-27 18:00:00,179.0,149.10049849610644
2011-01-27 19:00:00,139.0,101.70731500535138
2011-01-27 20:00:00,101.0,76.71595626157216
2011-01-27 21:00:00,79.0,50.28965918851309
2011-01-27 22:00:00,66.0,50.28965918851309
2011-01-27 23:00:00,67.0,27.003919740040363
2011-01-28 00:00:00,44.0,27.003919740040363
2011-01-28 01:00:00,34.0,27.003919740040363
2011-01-28 02:00:00,11.0,29.10274381802825
2011-01-28 03:00:00,18.0,29.10274381802825
2011-01-28 04:00:00,20.0,29.10274381802825
2011-01-28 05:00:00,43.0,51.701933002371405
2011-01-28 06:00:00,62.0,74.28081856817035
2011-01-28 07:00:00,125.0,129.93540979450248
2011-01-28 08:00:00,146.0,149.10049849610644
2011-01-28 09:00:00,167.0,148.1703489472745
2011-01-28 10:00:00,224.0,205.05458591162048
2011-01-28 11:00:00,213.0,244.151996157908
2011-01-28 12:00:00,197.0,221.3816893214288
2011-01-28 13:00:00,395.0,419.92321150178986
2011-01-28 14:00:00,383.0,419.92321150178986
2011-01-28 15:00:00,403.0,419.92321150178986
2011-01-28 16:00:00,428.0,419.92321150178986
2011-01-28 17:00:00,397.0,422.3462480512529
2011-01-28 18:00:00,299.0,175.0521267461385
2011-01-28 19:00:00,270.0,202.63821013813433
2011-01-28 20:00:00,256.0,202.63821013813433
2011-01-28 21:00:00,164.0,148.1703489472745
2011-01-28 22:00:00,126.0,74.28081856817035
2011-01-28 23:00:00,99.0,26.371920672619776
2011-01-29 00:00:00,63.0,26.371920672619776
2011-01-29 01:00:00,33.0,26.371920672619776
2011-01-29 02:00:00,32.0,28.360344470833844
2011-01-29 03:00:00,24.0,29.45224112958369
2011-01-29 04:00:00,35.0,27.81656879070858
2011-01-29 05:00:00,37.0,55.97476301981338
2011-01-29 06:00:00,67.0,127.7183507993062
2011-01-29 07:00:00,90.0,55.97476301981338
2011-01-29 08:00:00,167.0,148.1703489472745
2011-01-29 09:00:00,213.0,221.3816893214288
2011-01-29 10:00:00,233.0,218.86718252500017
2011-01-29 11:00:00,225.0,223.10702776750009
2011-01-29 12:00:00,270.0,223.67491943725005
2011-01-29 13:00:00,221.0,223.67491943725005
2011-01-29 14:00:00,189.0,222.87244360607502
2011-01-29 15:00:00,220.0,222.87244360607502
2011-01-29 16:00:00,203.0,222.01071052425252
2011-01-29 17:00:00,163.0,170.31554210560785
2011-01-29 18:00:00,144.0,100.74658435262216
2011-01-29 19:00:00,114.0,100.74658435262216
2011-01-29 20:00:00,86.0,77.46760109840346
2011-01-29 21:00:00,77.0,55.97476301981338
2011-01-29 22:00:00,51.0,32.0801187074472
2011-01-29 23:00:00,48.0,32.0801187074472
2011-01-30 00:00:00,28.0,14.793319058918552
2011-01-30 01:00:00,26.0,14.793319058918552
2011-01-30 02:00:00,15.0,14.793319058918552
2011-01-30 03:00:00,14.0,29.399258166649126
2011-01-30 04:00:00,18.0,14.59872633887009
2011-01-30 05:00:00,15.0,15.61910843720906
2011-01-30 06:00:00,33.0,29.399258166649126
2011-01-30 07:00:00,58.0,127.7183507993062
2011-01-30 08:00:00,69.0,222.01071052425252
2011-01-30 09:00:00,138.0,222.01071052425252
2011-01-30 10:00:00,177.0,199.88272296768582
2011-01-30 11:00:00,187.0,199.88272296768582
2011-01-30 12:00:00,227.0,199.88272296768582
2011-01-30 13:00:00,241.0,223.50749736697674
2011-01-30 14:00:00,248.0,245.6944781173749
2011-01-30 15:00:00,288.0,292.90627360553054
2011-01-30 16:00:00,274.0,199.88272296768582
2011-01-30 17:00:00,215.0,199.88272296768582
2011-01-30 18:00:00,189.0,150.0334709841645
2011-01-30 19:00:00,152.0,130.80284555951434
2011-01-30 20:00:00,122.0,76.08338717675238
2011-01-30 21:00:00,71.0,54.17634371579598
2011-01-30 22:00:00,71.0,54.17634371579598
2011-01-30 23:00:00,62.0,30.479480716654386
2011-01-31 00:00:00,34.0,30.479480716654386
2011-01-31 01:00:00,18.0,31.535636501658068
2011-01-31 02:00:00,16.0,31.535636501658068
2011-01-31 03:00:00,27.0,31.535636501658068
2011-01-31 04:00:00,30.0,30.174945551160647
2011-01-31 05:00:00,49.0,56.523440601057175
2011-01-31 06:00:00,87.0,128.16199189166002
2011-01-31 07:00:00,133.0,150.62342968891514
2011-01-31 08:00:00,142.0,150.62342968891514
2011-01-31 09:00:00,190.0,196.61790607738004
2011-01-31 10:00:00,187.0,194.63253425416602
2011-01-31 11:00:00,191.0,194.63253425416602
2011-01-31 12:00:00,191.0,193.54277397791623
2011-01-31 13:00:00,194.0,192.77994178454134
2011-01-31 14:00:00,242.0,291.43439152387134
2011-01-31 15:00:00,238.0,291.43439152387134
2011-01-31 16:00:00,319.0,220.9552481568837
2011-01-31 17:00:00,273.0,179.80723094222347
2011-01-31 18:00:00,169.0,129.61339432416202
2011-01-31 19:00:00,114.0,77.54360180162607
2011-01-31 20:00:00,121.0,77.54360180162607
2011-01-31 21:00:00,92.0,54.26640842074002
2011-01-31 22:00:00,83.0,54.26640842074002
2011-01-31 23:00:00,79.0,30.122461885812452
2011-02-01 00:00:00,33.0,30.122461885812452
2011-02-01 01:00:00,22.0,30.985723320068715
2011-02-01 02:00:00,37.0,28.2900063240481
2011-02-01 03:00:00,51.0,30.903004426833668
2011-02-01 04:00:00,59.0,53.28648589451801
2011-02-01 05:00:00,45.0,55.000540126162605
2011-02-01 06:00:00,38.0,52.00037808831382
2011-02-01 07:00:00,53.0,127.0293760269134
2011-02-01 08:00:00,73.0,127.0293760269134
2011-02-01 09:00:00,101.0,77.28845541795772
2011-02-01 10:00:00,111.0,102.29785490306456
2011-02-01 11:00:00,87.0,104.90849843214518
2011-02-01 12:00:00,87.0,104.90849843214518
2011-02-01 13:00:00,96.0,82.24134315479927
2011-02-01 14:00:00,114.0,102.23594890250162
2011-02-01 15:00:00,127.0,105.76516423175113
2011-02-01 16:00:00,157.0,127.02056321883938
2011-02-01 17:00:00,89.0,105.76516423175113
2011-02-01 18:00:00,85.0,105.76516423175113
2011-02-01 19:00:00,53.0,52.300264661819675
2011-02-01 20:00:00,36.0,52.51018526327377
2011-02-01 21:00:00,37.0,52.51018526327377
2011-02-01 22:00:00,31.0,52.51018526327377
2011-02-01 23:00:00,30.0,33.69201136288275
2011-02-02 00:00:00,25.0,32.58440795401793
2011-02-02 01:00:00,17.0,30.30908556781255
2011-02-02 02:00:00,11.0,30.30908556781255
2011-02-02 03:00:00,13.0,30.30908556781255
2011-02-02 04:00:00,7.0,30.30908556781255
2011-02-02 05:00:00,16.0,52.51018526327377
2011-02-02 06:00:00,21.0,84.48825814585163
2011-02-02 07:00:00,66.0,27.516359897468785
2011-02-02 08:00:00,41.0,56.55712968429164
2011-02-02 09:00:00,53.0,31.561451928228145
2011-02-02 10:00:00,49.0,193.1459592491789
2011-02-02 11:00:00,58.0,53.54299354530289
2011-02-02 12:00:00,41.0,54.88009548171202
2011-02-02 13:00:00,94.0,54.88009548171202
2011-02-02 14:00:00,98.0,54.88009548171202
2011-02-02 15:00:00,121.0,34.3930163497597
2011-02-02 16:00:00,125.0,193.1459592491789
2011-02-02 17:00:00,88.0,34.3930163497597
2011-02-02 18:00:00,78.0,125.1500759772313
2011-02-02 19:00:00,62.0,100.96493047355804
2011-02-02 20:00:00,46.0,83.27924649146729
2011-02-02 21:00:00,40.0,53.71124678603888
2011-02-02 22:00:00,34.0,53.71124678603888
2011-02-02 23:00:00,33.0,35.45257801138225
2011-02-03 00:00:00,28.0,34.716804607967575
2011-02-03 01:00:00,13.0,32.7017632255773
2011-02-03 02:00:00,7.0,32.7017632255773
2011-02-03 03:00:00,22.0,32.7017632255773
2011-02-03 04:00:00,20.0,29.49123425790411
2011-02-03 05:00:00,36.0,53.71124678603888
2011-02-03 06:00:00,62.0,125.1500759772313
2011-02-03 07:00:00,100.0,125.1500759772313
2011-02-03 08:00:00,113.0,150.72548054756842
2011-02-03 09:00:00,148.0,150.72548054756842
2011-02-03 10:00:00,159.0,193.1459592491789
2011-02-03 11:00:00,188.0,193.1459592491789
2011-02-03 12:00:00,171.0,152.6354854683085
2011-02-03 13:00:00,219.0,242.94920599425956
2011-02-03 14:00:00,244.0,272.3238507854772
2011-02-03 15:00:00,251.0,272.3238507854772
2011-02-03 16:00:00,305.0,272.3238507854772
2011-02-03 17:00:00,282.0,174.8955431616895
2011-02-03 18:00:00,226.0,152.6354854683085
2011-02-03 19:00:00,142.0,104.37281593204344
2011-02-03 20:00:00,114.0,83.27924649146729
2011-02-03 21:00:00,88.0,56.197872750227205
2011-02-03 22:00:00,61.0,56.197872750227205
2011-02-03 23:00:00,56.0,29.45070478637301
2011-02-04 00:00:00,56.0,29.45070478637301
2011-02-04 01:00:00,31.0,29.45070478637301
2011-02-04 02:00:00,19.0,29.915493350461105
2011-02-04 03:00:00,26.0,26.64084534532277
2011-02-04 04:00:00,31.0,26.448591741725938
2011-02-04 05:00:00,44.0,56.80287035332793
2011-02-04 06:00:00,77.0,125.1500759772313
2011-02-04 07:00:00,122.0,125.1500759772313
2011-02-04 08:00:00,151.0,149.44483982781594
2011-02-04 09:00:00,206.0,149.91138787947114
2011-02-04 10:00:00,209.0,195.92152003209765
2011-02-04 11:00:00,237.0,199.84506402246834
2011-02-04 12:00:00,283.0,243.00957765603098
2011-02-04 13:00:00,301.0,243.00957765603098
2011-02-04 14:00:00,417.0,422.3462480512529
2011-02-04 15:00:00,428.0,420.742373635877
2011-02-04 16:00:00,451.0,422.91966154511385
2011-02-04 17:00:00,433.0,422.91966154511385
2011-02-04 18:00:00,333.0,277.5586868848838
2011-02-04 19:00:00,313.0,243.00957765603098
2011-02-04 20:00:00,299.0,243.00957765603098
2011-02-04 21:00:00,247.0,243.00957765603098
2011-02-04 22:00:00,148.0,52.96200924732955
2011-02-04 23:00:00,143.0,149.3379715156298
2011-02-05 00:00:00,80.0,27.814014219208154
2011-02-05 01:00:00,39.0,27.814014219208154
2011-02-05 02:00:00,33.0,31.169809953445707
2011-02-05 03:00:00,21.0,31.71886696741199
2011-02-05 04:00:00,27.0,28.503206877188394
2011-02-05 05:00:00,20.0,52.96200924732955
2011-02-05 06:00:00,53.0,25.63657136982231
2011-02-05 07:00:00,76.0,25.63657136982231
2011-02-05 08:00:00,123.0,147.43658006094086
2011-02-05 09:00:00,152.0,147.43658006094086
2011-02-05 10:00:00,175.0,222.058071596873
2011-02-05 11:00:00,154.0,222.058071596873
2011-02-05 12:00:00,220.0,222.058071596873
2011-02-05 13:00:00,149.0,150.363924229861
2011-02-05 14:00:00,165.0,221.4406501178111
2011-02-05 15:00:00,155.0,221.4406501178111
2011-02-05 16:00:00,128.0,151.4683228726319
2011-02-05 17:00:00,84.0,25.63657136982231
2011-02-05 18:00:00,87.0,25.63657136982231
2011-02-05 19:00:00,56.0,25.63657136982231
2011-02-05 20:00:00,56.0,82.92507807047463
2011-02-05 21:00:00,45.0,25.63657136982231
2011-02-05 22:00:00,26.0,25.63657136982231
2011-02-05 23:00:00,30.0,25.745599958875616
2011-02-06 00:00:00,26.0,11.32272317999586
2011-02-06 01:00:00,14.0,11.32272317999586
2011-02-06 02:00:00,13.0,12.125906225997102
2011-02-06 03:00:00,9.0,12.388134358197972
2011-02-06 04:00:00,7.0,26.715343979849052
2011-02-06 05:00:00,16.0,26.715343979849052
2011-02-06 06:00:00,28.0,11.842130084861903
2011-02-06 07:00:00,65.0,82.92507807047463
2011-02-06 08:00:00,91.0,125.09047606019033
2011-02-06 09:00:00,130.0,171.94881614922784
2011-02-06 10:00:00,150.0,199.84506402246834
2011-02-06 11:00:00,228.0,244.20670435922167
2011-02-06 12:00:00,250.0,244.20670435922167
2011-02-06 13:00:00,237.0,245.94469305145518
2011-02-06 14:00:00,270.0,243.2612851360186
2011-02-06 15:00:00,299.0,275.29108081941865
2011-02-06 16:00:00,249.0,223.40845508246775
2011-02-06 17:00:00,192.0,199.84506402246834
2011-02-06 18:00:00,145.0,151.02782601084232
2011-02-06 19:00:00,101.0,126.56333324213323
2011-02-06 20:00:00,80.0,82.92507807047463
2011-02-06 21:00:00,62.0,82.04755464933223
2011-02-06 22:00:00,83.0,57.56432042593906
2011-02-06 23:00:00,75.0,57.56432042593906
2011-02-07 00:00:00,68.0,27.100740785894338
2011-02-07 01:00:00,25.0,27.100740785894338
2011-02-07 02:00:00,18.0,26.470518550126034
2011-02-07 03:00:00,25.0,26.470518550126034
2011-02-07 04:00:00,25.0,26.029362985088223
2011-02-07 05:00:00,61.0,76.49331124472094
2011-02-07 06:00:00,90.0,126.56333324213323
2011-02-07 07:00:00,155.0,149.21947820758962
2011-02-07 08:00:00,170.0,150.95363474531274
2011-02-07 09:00:00,159.0,197.49154481572782
2011-02-07 10:00:00,211.0,197.49154481572782
2011-02-07 11:00:00,229.0,201.54408137100944
2011-02-07 12:00:00,241.0,201.54408137100944
2011-02-07 13:00:00,203.0,201.54408137100944
2011-02-07 14:00:00,233.0,243.78802971664913
2011-02-07 15:00:00,258.0,298.09489740488146
2011-02-07 16:00:00,282.0,275.29108081941865
2011-02-07 17:00:00,237.0,171.3641713044595
2011-02-07 18:00:00,154.0,126.56333324213323
2011-02-07 19:00:00,115.0,126.56333324213323
2011-02-07 20:00:00,76.0,80.54531787130466
2011-02-07 21:00:00,76.0,79.18172250991326
2011-02-07 22:00:00,65.0,58.59502429815734
2011-02-07 23:00:00,51.0,25.720554089561755
2011-02-08 00:00:00,46.0,25.720554089561755
2011-02-08 01:00:00,16.0,25.720554089561755
2011-02-08 02:00:00,16.0,25.720554089561755
2011-02-08 03:00:00,20.0,25.720554089561755
2011-02-08 04:00:00,37.0,54.163093334267955
2011-02-08 05:00:00,40.0,78.22720575693928
2011-02-08 06:00:00,57.0,54.163093334267955
2011-02-08 07:00:00,76.0,78.22720575693928
2011-02-08 08:00:00,121.0,153.55728102520322
2011-02-08 09:00:00,137.0,153.55728102520322
2011-02-08 10:00:00,143.0,201.9808569597066
2011-02-08 11:00:00,116.0,105.87751310528361
2011-02-08 12:00:00,131.0,124.76822330205168
2011-02-08 13:00:00,149.0,126.63775631143616
2011-02-08 14:00:00,173.0,149.97306770234957
2011-02-08 15:00:00,209.0,298.09489740488146
2011-02-08 16:00:00,262.0,277.30375657359303
2011-02-08 17:00:00,207.0,149.97306770234957
2011-02-08 18:00:00,122.0,105.87751310528361
2011-02-08 19:00:00,92.0,77.5590440298575
2011-02-08 20:00:00,74.0,77.5590440298575
2011-02-08 21:00:00,69.0,55.01416533398756
2011-02-08 22:00:00,46.0,55.01416533398756
2011-02-08 23:00:00,52.0,31.53215005271968
2011-02-09 00:00:00,43.0,31.53215005271968
2011-02-09 01:00:00,28.0,14.867850619107632
2011-02-09 02:00:00,15.0,30.472505036903776
2011-02-09 03:00:00,16.0,30.472505036903776
2011-02-09 04:00:00,22.0,30.472505036903776
2011-02-09 05:00:00,60.0,27.930753525832642
2011-02-09 06:00:00,68.0,125.2464294180053
2011-02-09 07:00:00,107.0,125.2464294180053
2011-02-09 08:00:00,116.0,149.97306770234957
2011-02-09 09:00:00,124.0,149.97306770234957
2011-02-09 10:00:00,164.0,204.9606199102562
2011-02-09 11:00:00,161.0,204.9606199102562
2011-02-09 12:00:00,192.0,204.9606199102562
2011-02-09 13:00:00,171.0,201.07243393717934
2011-02-09 14:00:00,198.0,244.73613456115805
2011-02-09 15:00:00,244.0,272.7126296015151
2011-02-09 16:00:00,292.0,272.7126296015151
2011-02-09 17:00:00,236.0,153.2811473916447
2011-02-09 18:00:00,178.0,153.2811473916447
2011-02-09 19:00:00,113.0,103.29998142158897
2011-02-09 20:00:00,110.0,72.37075210224111
2011-02-09 21:00:00,87.0,52.61630109669041
2011-02-09 22:00:00,53.0,52.61630109669041
2011-02-09 23:00:00,62.0,27.930753525832642
2011-02-10 00:00:00,42.0,27.930753525832642
2011-02-10 01:00:00,28.0,15.235246803362738
2011-02-10 02:00:00,21.0,30.906069227657994
2011-02-10 03:00:00,15.0,27.934248459360596
2011-02-10 04:00:00,32.0,27.934248459360596
2011-02-10 05:00:00,58.0,55.51198753737829
2011-02-10 06:00:00,83.0,122.9307504148226
2011-02-10 07:00:00,98.0,122.9307504148226
2011-02-10 08:00:00,127.0,153.2811473916447
2011-02-10 09:00:00,155.0,153.2811473916447
2011-02-10 10:00:00,168.0,200.15070375602554
2011-02-10 11:00:00,179.0,171.05496627114047
2011-02-10 12:00:00,176.0,173.43847638979832
2011-02-10 13:00:00,201.0,244.51529419281064
2011-02-10 14:00:00,279.0,244.51529419281064
2011-02-10 15:00:00,276.0,274.5988407210606
2011-02-10 16:00:00,314.0,275.0191885047424
2011-02-10 17:00:00,303.0,275.0191885047424
2011-02-10 18:00:00,207.0,153.7968031741513
2011-02-10 19:00:00,139.0,104.542893627605
2011-02-10 20:00:00,128.0,78.63166853009814
2011-02-10 21:00:00,108.0,56.2583912761648
2011-02-10 22:00:00,89.0,56.2583912761648
2011-02-10 23:00:00,57.0,56.2583912761648
2011-02-11 00:00:00,40.0,29.153973921552414
2011-02-11 01:00:00,33.0,32.40778174508669
2011-02-11 02:00:00,25.0,32.58544722156068
2011-02-11 03:00:00,27.0,30.309813055092473
2011-02-11 04:00:00,52.0,29.316869138564726
2011-02-11 05:00:00,37.0,29.316869138564726
2011-02-11 06:00:00,62.0,128.42424739228412
2011-02-11 07:00:00,126.0,128.42424739228412
2011-02-11 08:00:00,158.0,153.7968031741513
2011-02-11 09:00:00,193.0,155.0577622219059
2011-02-11 10:00:00,242.0,244.51529419281064
2011-02-11 11:00:00,229.0,243.76070593496743
2011-02-11 12:00:00,301.0,243.76070593496743
2011-02-11 13:00:00,339.0,243.76070593496743
2011-02-11 14:00:00,409.0,422.91966154511385
2011-02-11 15:00:00,442.0,418.7437630815797
2011-02-11 16:00:00,462.0,440.5466981733799
2011-02-11 17:00:00,425.0,440.5466981733799
2011-02-11 18:00:00,377.0,420.62063415710577
2011-02-11 19:00:00,291.0,243.76070593496743
2011-02-11 20:00:00,279.0,243.76070593496743
2011-02-11 21:00:00,206.0,243.76070593496743
2011-02-11 22:00:00,179.0,155.0577622219059
2011-02-11 23:00:00,113.0,31.621808396995306
2011-02-12 00:00:00,67.0,31.621808396995306
2011-02-12 01:00:00,22.0,31.621808396995306
2011-02-12 02:00:00,19.0,28.735265877896715
2011-02-12 03:00:00,16.0,25.8146861145277
2011-02-12 04:00:00,29.0,25.8146861145277
2011-02-12 05:00:00,41.0,57.195628207724525
2011-02-12 06:00:00,65.0,31.039196196118567
2011-02-12 07:00:00,118.0,155.0577622219059
2011-02-12 08:00:00,217.0,229.71547006530045
2011-02-12 09:00:00,238.0,225.9008290457103
2011-02-12 10:00:00,289.0,225.9008290457103
2011-02-12 11:00:00,324.0,225.9008290457103
2011-02-12 12:00:00,235.0,225.9008290457103
2011-02-12 13:00:00,237.0,228.6305803319972
2011-02-12 14:00:00,239.0,228.6305803319972
2011-02-12 15:00:00,231.0,228.6305803319972
2011-02-12 16:00:00,220.0,229.34140623239801
2011-02-12 17:00:00,158.0,155.0577622219059
2011-02-12 18:00:00,136.0,107.80601787752644
2011-02-12 19:00:00,125.0,107.80601787752644
2011-02-12 20:00:00,86.0,77.31951757974808
2011-02-12 21:00:00,87.0,59.53693974540717
2011-02-12 22:00:00,66.0,59.53693974540717
2011-02-12 23:00:00,69.0,31.039196196118567
2011-02-13 00:00:00,30.0,15.41527093364774
2011-02-13 01:00:00,31.0,15.41527093364774
2011-02-13 02:00:00,15.0,15.41527093364774
2011-02-13 03:00:00,16.0,30.809206136098098
2011-02-13 04:00:00,18.0,30.809206136098098
2011-02-13 05:00:00,24.0,30.809206136098098
2011-02-13 06:00:00,28.0,16.25243793024117
2011-02-13 07:00:00,53.0,78.13259452985358
2011-02-13 08:00:00,91.0,127.2060617988874
2011-02-13 09:00:00,103.0,78.13259452985358
2011-02-13 10:00:00,158.0,226.5389843626786
2011-02-13 11:00:00,199.0,240.06592213569382
2011-02-13 12:00:00,237.0,240.06592213569382
2011-02-13 13:00:00,224.0,239.14614549498566
2011-02-13 14:00:00,282.0,239.14614549498566
2011-02-13 15:00:00,301.0,239.14614549498566
2011-02-13 16:00:00,326.0,200.74865878027518
2011-02-13 17:00:00,265.0,200.74865878027518
2011-02-13 18:00:00,194.0,156.55830348873388
2011-02-13 19:00:00,194.0,156.55830348873388
2011-02-13 20:00:00,117.0,78.13259452985358
2011-02-13 21:00:00,87.0,58.9331004752495
2011-02-13 22:00:00,81.0,58.9331004752495
2011-02-13 23:00:00,63.0,28.536511006688066
2011-02-14 00:00:00,42.0,28.536511006688066
2011-02-14 01:00:00,26.0,32.57555770468164
2011-02-14 02:00:00,20.0,30.60289039327715
2011-02-14 03:00:00,22.0,27.422023275294002
2011-02-14 04:00:00,52.0,60.15317033267465
2011-02-14 05:00:00,39.0,80.85497131962825
2011-02-14 06:00:00,70.0,80.85497131962825
2011-02-14 07:00:00,133.0,156.55830348873388
2011-02-14 08:00:00,160.0,156.55830348873388
2011-02-14 09:00:00,166.0,197.3068428023348
2011-02-14 10:00:00,186.0,197.3068428023348
2011-02-14 11:00:00,192.0,197.3068428023348
2011-02-14 12:00:00,205.0,195.71478996163435
2011-02-14 13:00:00,202.0,198.50035297314403
2011-02-14 14:00:00,228.0,239.14614549498566
2011-02-14 15:00:00,271.0,274.0645816571266
2011-02-14 16:00:00,283.0,273.1452071599886
2011-02-14 17:00:00,229.0,157.5908124421137
2011-02-14 18:00:00,182.0,102.83494875998795
2011-02-14 19:00:00,102.0,77.59847992373977
2011-02-14 20:00:00,82.0,77.59847992373977
2011-02-14 21:00:00,77.0,57.707219232872255
2011-02-14 22:00:00,39.0,29.75679140489406
2011-02-14 23:00:00,51.0,32.529753983425834
2011-02-15 00:00:00,39.0,32.529753983425834
2011-02-15 01:00:00,27.0,34.47082778839808
2011-02-15 02:00:00,26.0,32.22957945187866
2011-02-15 03:00:00,20.0,30.36070561631506
2011-02-15 04:00:00,35.0,27.25249393142054
2011-02-15 05:00:00,38.0,55.695053463010574
2011-02-15 06:00:00,73.0,126.80097028145482
2011-02-15 07:00:00,132.0,126.80097028145482
2011-02-15 08:00:00,153.0,128.36067919701838
2011-02-15 09:00:00,147.0,156.21356870947957
2011-02-15 10:00:00,155.0,199.5502470812008
2011-02-15 11:00:00,188.0,199.5502470812008
2011-02-15 12:00:00,181.0,196.08517295684055
2011-02-15 13:00:00,161.0,153.914648667645
2011-02-15 14:00:00,190.0,156.0402540673515
2011-02-15 15:00:00,245.0,276.101645011992
2011-02-15 16:00:00,265.0,276.101645011992
2011-02-15 17:00:00,248.0,179.11572930878336
2011-02-15 18:00:00,163.0,102.58446413199155
2011-02-15 19:00:00,98.0,76.74027861384272
2011-02-15 20:00:00,89.0,76.74027861384272
2011-02-15 21:00:00,80.0,55.695053463010574
2011-02-15 22:00:00,59.0,55.695053463010574
2011-02-15 23:00:00,46.0,32.10372202639606
2011-02-16 00:00:00,45.0,32.10372202639606
2011-02-16 01:00:00,27.0,32.10372202639606
2011-02-16 02:00:00,15.0,30.572605418477245
2011-02-16 03:00:00,21.0,30.572605418477245
2011-02-16 04:00:00,43.0,27.70082379293407
2011-02-16 05:00:00,50.0,48.55548233646883
2011-02-16 06:00:00,75.0,128.36067919701838
2011-02-16 07:00:00,137.0,128.36067919701838
2011-02-16 08:00:00,149.0,158.12817784714605
2011-02-16 09:00:00,149.0,155.38972449300223
2011-02-16 10:00:00,178.0,194.25962106978838
2011-02-16 11:00:00,156.0,178.78101051614834
2011-02-16 12:00:00,194.0,178.78101051614834
2011-02-16 13:00:00,162.0,194.18173474885185
2011-02-16 14:00:00,261.0,243.03161129254295
2011-02-16 15:00:00,278.0,269.23980605587604
2011-02-16 16:00:00,280.0,271.8678642391132
2011-02-16 17:00:00,254.0,178.78101051614834
2011-02-16 18:00:00,168.0,101.20912489239407
2011-02-16 19:00:00,122.0,101.20912489239407
2011-02-16 20:00:00,104.0,78.70491556454805
2011-02-16 21:00:00,77.0,48.98883763552818
2011-02-16 22:00:00,59.0,48.98883763552818
2011-02-16 23:00:00,64.0,27.70082379293407
2011-02-17 00:00:00,41.0,27.70082379293407
2011-02-17 01:00:00,21.0,31.690576655053846
2011-02-17 02:00:00,8.0,28.483403658537693
2011-02-17 03:00:00,27.0,28.483403658537693
2011-02-17 04:00:00,54.0,55.59453044140881
2011-02-17 05:00:00,34.0,55.11617130898617
2011-02-17 06:00:00,85.0,128.26673280653898
2011-02-17 07:00:00,125.0,156.56167550109973
2011-02-17 08:00:00,142.0,156.56167550109973
2011-02-17 09:00:00,167.0,175.54670736130382
2011-02-17 10:00:00,215.0,194.18173474885185
2011-02-17 11:00:00,216.0,172.98269515291267
2011-02-17 12:00:00,213.0,221.28332710183537
2011-02-17 13:00:00,216.0,246.32212790478007
2011-02-17 14:00:00,259.0,274.30750496737926
2011-02-17 15:00:00,310.0,274.30750496737926
2011-02-17 16:00:00,327.0,274.30750496737926
2011-02-17 17:00:00,339.0,274.30750496737926
2011-02-17 18:00:00,206.0,127.28671296457728
2011-02-17 19:00:00,188.0,102.04638742467584
2011-02-17 20:00:00,158.0,80.23540862662853
2011-02-17 21:00:00,127.0,55.11617130898617
2011-02-17 22:00:00,89.0,55.11617130898617
2011-02-17 23:00:00,64.0,29.826867792683466
2011-02-18 00:00:00,52.0,29.826867792683466
2011-02-18 01:00:00,25.0,29.826867792683466
2011-02-18 02:00:00,25.0,28.378807454878423
2011-02-18 03:00:00,32.0,27.365165218414894
2011-02-18 04:00:00,50.0,28.755615652890427
2011-02-18 05:00:00,64.0,28.755615652890427
2011-02-18 06:00:00,77.0,127.20069907520408
2011-02-18 07:00:00,173.0,153.93522099553886
2011-02-18 08:00:00,196.0,153.93522099553886
2011-02-18 09:00:00,241.0,195.16633501885616
2011-02-18 10:00:00,323.0,217.9588302798993
2011-02-18 11:00:00,353.0,420.62063415710577
2011-02-18 12:00:00,394.0,420.62063415710577
2011-02-18 13:00:00,389.0,420.62063415710577
2011-02-18 14:00:00,493.0,420.62063415710577
2011-02-18 15:00:00,550.0,420.62063415710577
2011-02-18 16:00:00,661.0,420.62063415710577
2011-02-18 17:00:00,564.0,420.62063415710577
2011-02-18 18:00:00,498.0,420.62063415710577
2011-02-18 19:00:00,482.0,420.62063415710577
2011-02-18 20:00:00,432.0,420.62063415710577
2011-02-18 21:00:00,339.0,392.9298936599999
2011-02-18 22:00:00,295.0,247.38784267334222
2011-02-18 23:00:00,166.0,153.93522099553886
2011-02-19 00:00:00,90.0,28.755615652890427
2011-02-19 01:00:00,48.0,28.755615652890427
2011-02-19 02:00:00,31.0,28.755615652890427
2011-02-19 03:00:00,33.0,29.428930957023297
2011-02-19 04:00:00,36.0,30.50025166991631
2011-02-19 05:00:00,34.0,32.150176168941414
2011-02-19 06:00:00,89.0,83.77374515893356
2011-02-19 07:00:00,164.0,153.93522099553886
2011-02-19 08:00:00,274.0,217.9588302798993
2011-02-19 09:00:00,394.0,437.9826887213659
2011-02-19 10:00:00,524.0,343.53132955631474
2011-02-19 11:00:00,507.0,437.9826887213659
2011-02-19 12:00:00,456.0,518.9
2011-02-19 13:00:00,381.0,460.34160999999995
2011-02-19 14:00:00,329.0,217.9588302798993
2011-02-19 15:00:00,282.0,274.21525347716545
2011-02-19 16:00:00,244.0,217.9588302798993
2011-02-19 17:00:00,191.0,153.93522099553886
2011-02-19 18:00:00,186.0,127.20069907520408
2011-02-19 19:00:00,111.0,85.34162161125349
2011-02-19 20:00:00,128.0,85.34162161125349
2011-02-19 21:00:00,85.0,54.414094911901294
2011-02-19 22:00:00,66.0,54.414094911901294
2011-02-19 23:00:00,52.0,32.705123318258984
2011-02-20 00:00:00,40.0,13.513694585818174
2011-02-20 01:00:00,16.0,13.513694585818174
2011-02-20 02:00:00,21.0,14.259586210072722
2011-02-20 03:00:00,13.0,30.7255104259469
2011-02-20 04:00:00,20.0,13.881710347050905
2011-02-20 05:00:00,15.0,13.881710347050905
2011-02-20 06:00:00,34.0,27.50785729816283
2011-02-20 07:00:00,61.0,85.23913512787743
2011-02-20 08:00:00,128.0,153.93522099553886
2011-02-20 09:00:00,226.0,246.37148987133952
2011-02-20 10:00:00,256.0,246.37148987133952
2011-02-20 11:00:00,333.0,420.62063415710577
2011-02-20 12:00:00,337.0,420.62063415710577
2011-02-20 13:00:00,356.0,341.5719306894203
2011-02-20 14:00:00,365.0,345.9003514825942
2011-02-20 15:00:00,411.0,345.9003514825942
2011-02-20 16:00:00,333.0,276.5506774340158
2011-02-20 17:00:00,320.0,193.9164345131993
2011-02-20 18:00:00,253.0,193.9164345131993
2011-02-20 19:00:00,253.0,250.38203003695634
2011-02-20 20:00:00,170.0,85.23913512787743
2011-02-20 21:00:00,140.0,85.23913512787743
2011-02-20 22:00:00,99.0,57.58603455478213
2011-02-20 23:00:00,65.0,57.58603455478213
2011-02-21 00:00:00,41.0,29.455500108713977
2011-02-21 01:00:00,26.0,32.91885007609978
2011-02-21 02:00:00,18.0,30.843195053269845
2011-02-21 03:00:00,13.0,30.843195053269845
2011-02-21 04:00:00,27.0,30.843195053269845
2011-02-21 05:00:00,17.0,29.69023653728889
2011-02-21 06:00:00,55.0,85.23913512787743
2011-02-21 07:00:00,77.0,85.23913512787743
2011-02-21 08:00:00,97.0,149.7546546968772
2011-02-21 09:00:00,144.0,149.7546546968772
2011-02-21 10:00:00,171.0,193.9164345131993
2011-02-21 11:00:00,229.0,193.9164345131993
2011-02-21 12:00:00,306.0,193.9164345131993
2011-02-21 13:00:00,310.0,193.9164345131993
2011-02-21 14:00:00,333.0,251.16742102586943
2011-02-21 15:00:00,334.0,276.5506774340158
2011-02-21 16:00:00,302.0,276.5506774340158
2011-02-21 17:00:00,228.0,172.248654102045
2011-02-21 18:00:00,202.0,193.9164345131993
2011-02-21 19:00:00,128.0,82.7673945895142
2011-02-21 20:00:00,114.0,82.7673945895142
2011-02-21 21:00:00,93.0,58.36715693184324
2011-02-21 22:00:00,56.0,58.36715693184324
2011-02-21 23:00:00,55.0,57.65700985229027
2011-02-22 00:00:00,32.0,29.69023653728889
2011-02-22 01:00:00,26.0,30.383165576102222
2011-02-22 02:00:00,21.0,29.068215903271554
2011-02-22 03:00:00,19.0,26.647751132290086
2011-02-22 04:00:00,37.0,24.35342579260306
2011-02-22 05:00:00,53.0,82.7673945895142
2011-02-22 06:00:00,74.0,127.72583978279499
2011-02-22 07:00:00,146.0,148.02825828781403
2011-02-22 08:00:00,196.0,147.4197808014698
2011-02-22 09:00:00,210.0,147.4197808014698
2011-02-22 10:00:00,242.0,200.36733703802733
2011-02-22 11:00:00,290.0,200.36733703802733
2011-02-22 12:00:00,264.0,200.36733703802733
2011-02-22 13:00:00,295.0,200.36733703802733
2011-02-22 14:00:00,297.0,272.7854742038111
2011-02-22 15:00:00,343.0,272.7854742038111
2011-02-22 16:00:00,328.0,248.4171947181086
2011-02-22 17:00:00,237.0,147.4197808014698
2011-02-22 18:00:00,199.0,101.43236633446523
2011-02-22 19:00:00,163.0,101.43236633446523
2011-02-22 20:00:00,106.0,80.13717621265994
2011-02-22 21:00:00,78.0,55.701934827622225
2011-02-22 22:00:00,66.0,55.701934827622225
2011-02-22 23:00:00,66.0,28.14739805482214
2011-02-23 00:00:00,50.0,28.14739805482214
2011-02-23 01:00:00,22.0,28.14739805482214
2011-02-23 02:00:00,17.0,26.3031786383755
2011-02-23 03:00:00,24.0,26.3031786383755
2011-02-23 04:00:00,33.0,25.612225046862847
2011-02-23 05:00:00,62.0,57.667763645874416
2011-02-23 06:00:00,74.0,127.72583978279499
2011-02-23 07:00:00,149.0,152.09384656102887
2011-02-23 08:00:00,191.0,151.1656925927202
2011-02-23 09:00:00,194.0,172.248654102045
2011-02-23 10:00:00,241.0,196.28899660404335
2011-02-23 11:00:00,240.0,196.28899660404335
2011-02-23 12:00:00,225.0,196.28899660404335
2011-02-23 13:00:00,243.0,242.65609778831123
2011-02-23 14:00:00,259.0,242.75926845181783
2011-02-23 15:00:00,328.0,272.7854742038111
2011-02-23 16:00:00,331.0,247.63148791627248
2011-02-23 17:00:00,250.0,172.248654102045
2011-02-23 18:00:00,197.0,127.72583978279499
2011-02-23 19:00:00,121.0,102.80265643412565
2011-02-23 20:00:00,110.0,77.84721634420336
2011-02-23 21:00:00,91.0,58.96743455211208
2011-02-23 22:00:00,57.0,58.96743455211208
2011-02-23 23:00:00,55.0,27.82855753280399
2011-02-24 00:00:00,44.0,27.82855753280399
2011-02-24 01:00:00,23.0,27.82855753280399
2011-02-24 02:00:00,25.0,26.37999027296279
2011-02-24 03:00:00,19.0,25.965993191073952
2011-02-24 04:00:00,34.0,23.876195233751766
2011-02-24 05:00:00,50.0,26.913336663626236
2011-02-24 06:00:00,72.0,125.70808784795649
2011-02-24 07:00:00,164.0,151.1656925927202
2011-02-24 08:00:00,173.0,151.1656925927202
2011-02-24 09:00:00,223.0,170.74184051000205
2011-02-24 10:00:00,263.0,196.50229762283033
2011-02-24 11:00:00,244.0,224.14122060514268
2011-02-24 12:00:00,243.0,247.0394290789735
2011-02-24 13:00:00,248.0,245.82760035528145
2011-02-24 14:00:00,310.0,246.47932024869698
2011-02-24 15:00:00,400.0,322.44213019385245
2011-02-24 16:00:00,367.0,246.47932024869698
2011-02-24 17:00:00,301.0,246.47932024869698
2011-02-24 18:00:00,219.0,125.70808784795649
2011-02-24 19:00:00,151.0,100.77330165272156
2011-02-24 20:00:00,149.0,76.09305144094235
2011-02-24 21:00:00,104.0,52.3483810359621
2011-02-24 22:00:00,113.0,52.3483810359621
2011-02-24 23:00:00,61.0,26.913336663626236
2011-02-25 00:00:00,56.0,26.913336663626236
2011-02-25 01:00:00,22.0,26.913336663626236
2011-02-25 02:00:00,25.0,25.439335664538362
2011-02-25 03:00:00,39.0,25.307534965176853
2011-02-25 04:00:00,48.0,29.415274475623796
2011-02-25 05:00:00,43.0,53.082494695334994
2011-02-25 06:00:00,53.0,125.70808784795649
2011-02-25 07:00:00,80.0,29.415274475623796
2011-02-25 08:00:00,118.0,150.4811893704329
2011-02-25 09:00:00,156.0,150.4811893704329
2011-02-25 10:00:00,172.0,196.50229762283033
2011-02-25 11:00:00,208.0,246.47932024869698
2011-02-25 12:00:00,224.0,246.47932024869698
2011-02-25 13:00:00,259.0,246.47932024869698
2011-02-25 14:00:00,279.0,250.23552417408786
2011-02-25 15:00:00,330.0,272.59488235986737
2011-02-25 16:00:00,337.0,250.23552417408786
2011-02-25 17:00:00,309.0,250.23552417408786
2011-02-25 18:00:00,197.0,123.39566149356955
2011-02-25 19:00:00,201.0,250.23552417408786
2011-02-25 20:00:00,164.0,77.26513600865964
2011-02-25 21:00:00,146.0,77.26513600865964
2011-02-25 22:00:00,103.0,50.94042240071414
2011-02-25 23:00:00,87.0,50.94042240071414
2011-02-26 00:00:00,34.0,29.415274475623796
2011-02-26 01:00:00,20.0,30.790692132936655
2011-02-26 02:00:00,29.0,27.553484493055656
2011-02-26 03:00:00,17.0,27.987439145138957
2011-02-26 04:00:00,20.0,27.987439145138957
2011-02-26 05:00:00,36.0,25.59120740159727
2011-02-26 06:00:00,68.0,28.71384518111809
2011-02-26 07:00:00,141.0,123.39566149356955
2011-02-26 08:00:00,234.0,223.01919809651986
2011-02-26 09:00:00,301.0,226.3134386675639
2011-02-26 10:00:00,331.0,226.3134386675639
2011-02-26 11:00:00,337.0,226.3134386675639
2011-02-26 12:00:00,283.0,226.3134386675639
2011-02-26 13:00:00,276.0,250.23552417408786
2011-02-26 14:00:00,268.0,275.80149235633496
2011-02-26 15:00:00,230.0,226.3134386675639
2011-02-26 16:00:00,225.0,227.4194070672947
2011-02-26 17:00:00,180.0,168.983501849901
2011-02-26 18:00:00,166.0,123.39566149356955
2011-02-26 19:00:00,107.0,76.52991664424322
2011-02-26 20:00:00,98.0,76.52991664424322
2011-02-26 21:00:00,81.0,50.94042240071414
2011-02-26 22:00:00,67.0,50.94042240071414
2011-02-26 23:00:00,45.0,28.71384518111809
2011-02-27 00:00:00,39.0,28.71384518111809
2011-02-27 01:00:00,25.0,31.79969162678266
2011-02-27 02:00:00,25.0,29.75978413874786
2011-02-27 03:00:00,25.0,28.3318488971235
2011-02-27 04:00:00,13.0,16.192724340620188
2011-02-27 05:00:00,23.0,27.33229422798645
2011-02-27 06:00:00,37.0,26.032605959590512
2011-02-27 07:00:00,54.0,15.234907038434132
2011-02-27 08:00:00,113.0,147.50704795405846
2011-02-27 09:00:00,159.0,147.50704795405846
2011-02-27 10:00:00,177.0,199.64628808463078
2011-02-27 11:00:00,280.0,250.23552417408786
2011-02-27 12:00:00,296.0,339.71027439097077
2011-02-27 13:00:00,378.0,339.71027439097077
2011-02-27 14:00:00,350.0,417.734443909974
2011-02-27 15:00:00,386.0,326.59664379498764
2011-02-27 16:00:00,390.0,326.59664379498764
2011-02-27 17:00:00,281.0,199.64628808463078
2011-02-27 18:00:00,232.0,250.23552417408786
2011-02-27 19:00:00,215.0,250.23552417408786
2011-02-27 20:00:00,146.0,74.60965915567917
2011-02-27 21:00:00,109.0,74.60965915567917
2011-02-27 22:00:00,60.0,50.61080697634992
2011-02-27 23:00:00,71.0,29.322824171713357
2011-02-28 00:00:00,50.0,29.322824171713357
2011-02-28 01:00:00,15.0,29.322824171713357
2011-02-28 02:00:00,12.0,29.322824171713357
2011-02-28 03:00:00,26.0,29.322824171713357
2011-02-28 04:00:00,28.0,28.32597692019935
2011-02-28 05:00:00,34.0,52.399295418411455
2011-02-28 06:00:00,67.0,73.52676140897542
2011-02-28 07:00:00,127.0,149.46845349748864
2011-02-28 08:00:00,138.0,149.46845349748864
2011-02-28 09:00:00,163.0,149.46845349748864
2011-02-28 10:00:00,189.0,199.64628808463078
2011-02-28 11:00:00,191.0,196.45240165924153
2011-02-28 12:00:00,186.0,194.81668116146903
2011-02-28 13:00:00,195.0,194.81668116146903
2011-02-28 14:00:00,212.0,194.8716768130283
2011-02-28 15:00:00,259.0,277.0959118782228
2011-02-28 16:00:00,256.0,224.29985662408208
2011-02-28 17:00:00,195.0,200.0101737691198
2011-02-28 18:00:00,142.0,106.93272651629869
2011-02-28 19:00:00,112.0,71.56873298628278
2011-02-28 20:00:00,88.0,71.56873298628278
2011-02-28 21:00:00,89.0,52.399295418411455
2011-02-28 22:00:00,49.0,52.399295418411455
2011-02-28 23:00:00,49.0,51.37950679288801
2011-03-01 00:00:00,43.0,29.959728690897677
2011-03-01 01:00:00,21.0,29.959728690897677
2011-03-01 02:00:00,18.0,27.271810083628374
2011-03-01 03:00:00,39.0,27.271810083628374
2011-03-01 04:00:00,35.0,30.79026705853986
2011-03-01 05:00:00,48.0,80.24867916327855
2011-03-01 06:00:00,86.0,128.53387413184907
2011-03-01 07:00:00,124.0,150.06954221376944
2011-03-01 08:00:00,140.0,150.06954221376944
2011-03-01 09:00:00,155.0,147.04867954963862
2011-03-01 10:00:00,148.0,198.50712163838386
2011-03-01 11:00:00,157.0,149.00385297932291
2011-03-01 12:00:00,187.0,198.50712163838386
2011-03-01 13:00:00,187.0,198.50712163838386
2011-03-01 14:00:00,226.0,253.80540684530303
2011-03-01 15:00:00,254.0,253.80540684530303
2011-03-01 16:00:00,271.0,253.86378479171213
2011-03-01 17:00:00,230.0,151.40269708552603
2011-03-01 18:00:00,146.0,108.45290856140909
2011-03-01 19:00:00,86.0,81.97407541429499
2011-03-01 20:00:00,96.0,83.18185279000649
2011-03-01 21:00:00,67.0,48.25617082996058
2011-03-01 22:00:00,65.0,48.25617082996058
2011-03-01 23:00:00,60.0,53.279319580972405
2011-03-02 00:00:00,40.0,32.0531869409779
2011-03-02 01:00:00,21.0,34.43723085868453
2011-03-02 02:00:00,16.0,30.40606160107917
2011-03-02 03:00:00,30.0,55.29552370668068
2011-03-02 04:00:00,31.0,55.29552370668068
2011-03-02 05:00:00,57.0,78.32729695300453
2011-03-02 06:00:00,73.0,127.17371189229434
2011-03-02 07:00:00,105.0,149.78188795986821
2011-03-02 08:00:00,118.0,149.78188795986821
2011-03-02 09:00:00,164.0,149.78188795986821
2011-03-02 10:00:00,165.0,198.50712163838386
2011-03-02 11:00:00,202.0,253.86378479171213
2011-03-02 12:00:00,191.0,253.86378479171213
2011-03-02 13:00:00,180.0,196.98848960280804
2011-03-02 14:00:00,189.0,253.86378479171213
2011-03-02 15:00:00,234.0,194.5919427219656
2011-03-02 16:00:00,300.0,253.86378479171213
2011-03-02 17:00:00,252.0,149.78188795986821
2011-03-02 18:00:00,177.0,124.42159832460604
2011-03-02 19:00:00,115.0,104.80192519509045
2011-03-02 20:00:00,96.0,76.72910786710317
2011-03-02 21:00:00,75.0,55.80686659467648
2011-03-02 22:00:00,61.0,55.80686659467648
2011-03-02 23:00:00,50.0,30.498970184528787
2011-03-03 00:00:00,39.0,30.498970184528787
2011-03-03 01:00:00,15.0,33.049279129170145
2011-03-03 02:00:00,23.0,33.049279129170145
2011-03-03 03:00:00,23.0,30.0344953904191
2011-03-03 04:00:00,31.0,27.924146773293366
2011-03-03 05:00:00,47.0,76.21037550697221
2011-03-03 06:00:00,81.0,124.42159832460604
2011-03-03 07:00:00,108.0,149.78188795986821
2011-03-03 08:00:00,116.0,149.78188795986821
2011-03-03 09:00:00,161.0,175.69009588219424
2011-03-03 10:00:00,176.0,194.5919427219656
2011-03-03 11:00:00,180.0,228.65685082206016
2011-03-03 12:00:00,195.0,253.3046493541985
2011-03-03 13:00:00,220.0,253.3046493541985
2011-03-03 14:00:00,266.0,326.59664379498764
2011-03-03 15:00:00,299.0,272.4869968203291
2011-03-03 16:00:00,310.0,253.3046493541985
2011-03-03 17:00:00,302.0,253.3046493541985
2011-03-03 18:00:00,195.0,105.412060341916
2011-03-03 19:00:00,168.0,105.412060341916
2011-03-03 20:00:00,152.0,77.64726285488055
2011-03-03 21:00:00,101.0,52.708755241974025
2011-03-03 22:00:00,72.0,52.708755241974025
2011-03-03 23:00:00,49.0,28.846902741305357
2011-03-04 00:00:00,45.0,28.846902741305357
2011-03-04 01:00:00,22.0,28.846902741305357
2011-03-04 02:00:00,22.0,26.79283191891375
2011-03-04 03:00:00,30.0,25.35498234323962
2011-03-04 04:00:00,42.0,49.617290068567264
2011-03-04 05:00:00,53.0,75.95308399841637
2011-03-04 06:00:00,108.0,75.95308399841637
2011-03-04 07:00:00,120.0,152.80312510033542
2011-03-04 08:00:00,185.0,152.80312510033542
2011-03-04 09:00:00,194.0,177.5335920213148
2011-03-04 10:00:00,259.0,253.3046493541985
2011-03-04 11:00:00,254.0,194.5600363536342
2011-03-04 12:00:00,294.0,254.70927818355722
2011-03-04 13:00:00,367.0,391.745067467766
2011-03-04 14:00:00,423.0,417.734443909974
2011-03-04 15:00:00,463.0,419.3141107369818
2011-03-04 16:00:00,572.0,298.3780507510403
2011-03-04 17:00:00,525.0,489.03499999999997
2011-03-04 18:00:00,405.0,419.3141107369818
2011-03-04 19:00:00,352.0,419.3141107369818
2011-03-04 20:00:00,303.0,254.70927818355722
2011-03-04 21:00:00,236.0,254.70927818355722
2011-03-04 22:00:00,154.0,75.95308399841637
2011-03-04 23:00:00,107.0,31.32394134818741
2011-03-05 00:00:00,80.0,31.32394134818741
2011-03-05 01:00:00,40.0,31.32394134818741
2011-03-05 02:00:00,21.0,33.92675894373119
2011-03-05 03:00:00,30.0,30.04873126061183
2011-03-05 04:00:00,34.0,30.03411188242828
2011-03-05 05:00:00,40.0,31.223878317699796
2011-03-05 06:00:00,94.0,77.16715879889145
2011-03-05 07:00:00,140.0,121.32658317905695
2011-03-05 08:00:00,213.0,229.04185690280946
2011-03-05 09:00:00,276.0,272.4869968203291
2011-03-05 10:00:00,389.0,345.5580344515756
2011-03-05 11:00:00,281.0,273.54089777423036
2011-03-05 12:00:00,283.0,275.77862844196125
2011-03-05 13:00:00,288.0,277.94503990937284
2011-03-05 14:00:00,266.0,277.94503990937284
2011-03-05 15:00:00,255.0,224.2292998319666
2011-03-05 16:00:00,210.0,224.2292998319666
2011-03-05 17:00:00,222.0,177.5335920213148
2011-03-05 18:00:00,186.0,102.24833568809402
2011-03-05 19:00:00,155.0,102.24833568809402
2011-03-05 20:00:00,120.0,77.16715879889145
2011-03-05 21:00:00,100.0,50.632103047997084
2011-03-05 22:00:00,73.0,50.632103047997084
2011-03-05 23:00:00,80.0,33.85671482238986
2011-03-06 00:00:00,39.0,33.85671482238986
2011-03-06 01:00:00,14.0,35.3997003756729
2011-03-06 02:00:00,12.0,14.967246578164737
2011-03-06 03:00:00,8.0,35.3997003756729
2011-03-06 04:00:00,20.0,35.3997003756729
2011-03-06 05:00:00,17.0,30.77979026297103
2011-03-06 06:00:00,36.0,30.77979026297103
2011-03-06 07:00:00,63.0,101.57383498166581
2011-03-06 08:00:00,113.0,150.94947190941502
2011-03-06 09:00:00,126.0,150.94947190941502
2011-03-06 10:00:00,182.0,199.19202544754393
2011-03-06 11:00:00,252.0,254.79649472849005
2011-03-06 12:00:00,279.0,345.5580344515756
2011-03-06 13:00:00,320.0,345.5580344515756
2011-03-06 14:00:00,323.0,393.7050830592053
2011-03-06 15:00:00,322.0,321.6926488216807
2011-03-06 16:00:00,283.0,253.957546309943
2011-03-06 17:00:00,229.0,150.94947190941502
2011-03-06 18:00:00,179.0,150.94947190941502
2011-03-06 19:00:00,159.0,105.00168448716607
2011-03-06 20:00:00,108.0,77.1419078114568
2011-03-06 21:00:00,84.0,54.34247213359796
2011-03-06 22:00:00,58.0,54.34247213359796
2011-03-06 23:00:00,61.0,32.34585318407972
2011-03-07 00:00:00,33.0,32.34585318407972
2011-03-07 01:00:00,14.0,32.5420972288558
2011-03-07 02:00:00,19.0,32.5420972288558
2011-03-07 03:00:00,19.0,28.47946806019906
2011-03-07 04:00:00,42.0,25.63562764213934
2011-03-07 05:00:00,40.0,57.10781134546299
2011-03-07 06:00:00,121.0,79.19933546801975
2011-03-07 07:00:00,109.0,153.3646303365905
2011-03-07 08:00:00,127.0,153.3646303365905
2011-03-07 09:00:00,134.0,153.3646303365905
2011-03-07 10:00:00,168.0,199.19202544754393
2011-03-07 11:00:00,165.0,199.19202544754393
2011-03-07 12:00:00,194.0,199.19202544754393
2011-03-07 13:00:00,205.0,197.63441781328072
2011-03-07 14:00:00,160.0,253.957546309943
2011-03-07 15:00:00,195.0,199.8440924692965
2011-03-07 16:00:00,231.0,225.19235691766363
2011-03-07 17:00:00,207.0,155.35524123561333
2011-03-07 18:00:00,130.0,106.83082539871137
2011-03-07 19:00:00,83.0,79.19933546801975
2011-03-07 20:00:00,75.0,80.33953482761382
2011-03-07 21:00:00,90.0,57.10781134546299
2011-03-07 22:00:00,63.0,57.10781134546299
2011-03-07 23:00:00,53.0,58.87546794182409
2011-03-08 00:00:00,27.0,33.38145754464828
2011-03-08 01:00:00,25.0,31.467020281253795
2011-03-08 02:00:00,12.0,29.526914196877655
2011-03-08 03:00:00,25.0,29.526914196877655
2011-03-08 04:00:00,31.0,28.168839937814358
2011-03-08 05:00:00,46.0,82.11637206553075
2011-03-08 06:00:00,100.0,127.66015118443285
2011-03-08 07:00:00,124.0,155.35524123561333
2011-03-08 08:00:00,142.0,155.35524123561333
2011-03-08 09:00:00,161.0,151.34866886492932
2011-03-08 10:00:00,157.0,154.2440682054505
2011-03-08 11:00:00,198.0,200.97360530995527
2011-03-08 12:00:00,158.0,155.07084774381534
2011-03-08 13:00:00,182.0,155.94959342067074
2011-03-08 14:00:00,212.0,253.957546309943
2011-03-08 15:00:00,265.0,277.9271486889148
2011-03-08 16:00:00,289.0,253.957546309943
2011-03-08 17:00:00,227.0,155.94959342067074
2011-03-08 18:00:00,177.0,155.94959342067074
2011-03-08 19:00:00,106.0,82.11637206553075
2011-03-08 20:00:00,104.0,82.11637206553075
2011-03-08 21:00:00,81.0,53.7789792914938
2011-03-08 22:00:00,65.0,53.7789792914938
2011-03-08 23:00:00,49.0,29.01818795647005
2011-03-09 00:00:00,40.0,29.01818795647005
2011-03-09 01:00:00,22.0,32.312731569529035
2011-03-09 02:00:00,12.0,29.218912098670323
2011-03-09 03:00:00,32.0,29.218912098670323
2011-03-09 04:00:00,33.0,54.70169985283195
2011-03-09 05:00:00,54.0,81.78146044587153
2011-03-09 06:00:00,78.0,126.56210582910299
2011-03-09 07:00:00,146.0,203.65706660187806
2011-03-09 08:00:00,138.0,152.96471539446952
2011-03-09 09:00:00,156.0,176.11766089740092
2011-03-09 10:00:00,163.0,203.65706660187806
2011-03-09 11:00:00,181.0,203.65706660187806
2011-03-09 12:00:00,214.0,253.957546309943
2011-03-09 13:00:00,195.0,203.65706660187806
2011-03-09 14:00:00,232.0,253.957546309943
2011-03-09 15:00:00,266.0,274.04900408224034
2011-03-09 16:00:00,295.0,253.957546309943
2011-03-09 17:00:00,250.0,177.58236262818065
2011-03-09 18:00:00,182.0,104.80297311175799
2011-03-09 19:00:00,115.0,104.80297311175799
2011-03-09 20:00:00,94.0,80.64702231211007
2011-03-09 21:00:00,65.0,54.49118989698236
2011-03-09 22:00:00,53.0,57.64383292788765
2011-03-09 23:00:00,49.0,30.937266928348457
2011-03-10 00:00:00,27.0,30.937266928348457
2011-03-10 01:00:00,28.0,29.756086849843918
2011-03-10 02:00:00,20.0,29.22926079489074
2011-03-10 03:00:00,20.0,26.460482556423518
2011-03-10 04:00:00,28.0,24.52233778949646
2011-03-10 05:00:00,36.0,25.565636452647524
2011-03-10 06:00:00,75.0,129.9934740803721
2011-03-10 07:00:00,103.0,129.9934740803721
2011-03-10 08:00:00,129.0,156.61271054329006
2011-03-10 09:00:00,147.0,178.90765383972644
2011-03-10 10:00:00,162.0,201.05994662131462
2011-03-10 11:00:00,172.0,225.747584895931
2011-03-10 12:00:00,175.0,176.8353576878085
2011-03-10 13:00:00,194.0,176.28475038146595
2011-03-10 14:00:00,245.0,271.63430285756823
2011-03-10 15:00:00,287.0,294.34526998532476
2011-03-10 16:00:00,289.0,250.43919769187207
2011-03-10 17:00:00,241.0,176.28475038146595
2011-03-10 18:00:00,190.0,103.492419777333
2011-03-10 19:00:00,114.0,103.492419777333
2011-03-10 20:00:00,143.0,106.64469384413309
2011-03-10 21:00:00,101.0,54.07547813466495
2011-03-10 22:00:00,85.0,54.07547813466495
2011-03-10 23:00:00,58.0,28.695945516853264
2011-03-11 00:00:00,46.0,28.695945516853264
2011-03-11 01:00:00,17.0,28.695945516853264
2011-03-11 02:00:00,26.0,28.695945516853264
2011-03-11 03:00:00,29.0,27.887161861797285
2011-03-11 04:00:00,30.0,28.221013303258097
2011-03-11 05:00:00,59.0,28.754709312280667
2011-03-11 06:00:00,82.0,129.69543185626046
2011-03-11 07:00:00,146.0,152.24715971634848
2011-03-11 08:00:00,161.0,150.3730118014439
2011-03-11 09:00:00,217.0,247.60743838431046
2011-03-11 10:00:00,293.0,345.5580344515756
2011-03-11 11:00:00,293.0,291.73942760496635
2011-03-11 12:00:00,326.0,292.11759932347644
2011-03-11 13:00:00,327.0,292.11759932347644
2011-03-11 14:00:00,378.0,292.11759932347644
2011-03-11 15:00:00,403.0,419.3141107369818
2011-03-11 16:00:00,458.0,396.49355814144366
2011-03-11 17:00:00,421.0,460.19738889999996
2011-03-11 18:00:00,299.0,292.11759932347644
2011-03-11 19:00:00,250.0,294.1823195264335
2011-03-11 20:00:00,222.0,248.3252068690173
2011-03-11 21:00:00,227.0,222.78631659900617
2011-03-11 22:00:00,185.0,104.95128569089316
2011-03-11 23:00:00,134.0,81.13692865305374
2011-03-12 00:00:00,62.0,28.754709312280667
2011-03-12 01:00:00,35.0,28.754709312280667
2011-03-12 02:00:00,34.0,30.628296518596464
2011-03-12 03:00:00,27.0,31.639807563017524
2011-03-12 04:00:00,32.0,30.247865294112266
2011-03-12 05:00:00,28.0,30.773505705878584
2011-03-12 06:00:00,83.0,81.13692865305374
2011-03-12 07:00:00,122.0,130.9868022993823
2011-03-12 08:00:00,239.0,224.0504216193043
2011-03-12 09:00:00,281.0,271.63430285756823
2011-03-12 10:00:00,333.0,274.44401200029773
2011-03-12 11:00:00,302.0,274.44401200029773
2011-03-12 12:00:00,280.0,274.44401200029773
2011-03-12 13:00:00,238.0,276.1108084002084
2011-03-12 14:00:00,251.0,276.1108084002084
2011-03-12 15:00:00,237.0,224.0504216193043
2011-03-12 16:00:00,221.0,224.0504216193043
2011-03-12 17:00:00,191.0,178.89932526702614
2011-03-12 18:00:00,155.0,104.95128569089316
2011-03-12 19:00:00,114.0,104.95128569089316
2011-03-12 20:00:00,130.0,81.69585005713762
2011-03-12 21:00:00,110.0,56.70372230013304
2011-03-12 22:00:00,85.0,81.69585005713762
2011-03-12 23:00:00,54.0,29.941453994115008
2011-03-13 00:00:00,43.0,29.941453994115008
2011-03-13 01:00:00,24.0,29.941453994115008
2011-03-13 02:00:00,19.0,28.159017795880505
2011-03-13 03:00:00,14.0,25.411312457116352
2011-03-13 04:00:00,15.0,14.076042060410504
2011-03-13 05:00:00,28.0,25.411312457116352
2011-03-13 06:00:00,47.0,52.024823927065185
2011-03-13 07:00:00,77.0,50.51737674894563
2011-03-13 08:00:00,112.0,128.80353312669732
2011-03-13 09:00:00,168.0,178.89932526702614
2011-03-13 10:00:00,225.0,243.011982169251
2011-03-13 11:00:00,292.0,326.8642049820855
2011-03-13 12:00:00,335.0,326.8642049820855
2011-03-13 13:00:00,348.0,326.8642049820855
2011-03-13 14:00:00,340.0,326.8642049820855
2011-03-13 15:00:00,315.0,326.8642049820855
2011-03-13 16:00:00,307.0,223.6947065934591
2011-03-13 17:00:00,227.0,175.6295276869183
2011-03-13 18:00:00,188.0,153.9927757827075
2011-03-13 19:00:00,131.0,109.45629099197635
2011-03-13 20:00:00,98.0,80.98096652799742
2011-03-13 21:00:00,90.0,50.51737674894563
2011-03-13 22:00:00,68.0,50.51737674894563
