timestamp,hourly_traffic_count1,hourly_traffic_count2
datetime,float,float
T,,
2011-06-06 00:00:00,2990.0,78.0
2011-06-06 01:00:00,2318.0,59.0
2011-06-06 02:00:00,1298.0,46.0
2011-06-06 03:00:00,1201.0,40.0
2011-06-06 04:00:00,1815.0,54.0
2011-06-06 05:00:00,3263.0,156.0
2011-06-06 06:00:00,4457.0,326.0
2011-06-06 07:00:00,4913.0,523.0
2011-06-06 08:00:00,4503.0,592.0
2011-06-06 09:00:00,4294.0,540.0
2011-06-06 10:00:00,4257.0,557.0
2011-06-06 11:00:00,3898.0,680.0
2011-06-06 12:00:00,4080.0,752.0
2011-06-06 13:00:00,4085.0,667.0
2011-06-06 14:00:00,4444.0,765.0
2011-06-06 15:00:00,4216.0,828.0
2011-06-06 16:00:00,4210.0,759.0
2011-06-06 17:00:00,4222.0,788.0
2011-06-06 18:00:00,4007.0,752.0
2011-06-06 19:00:00,4335.0,655.0
2011-06-06 20:00:00,3847.0,503.0
2011-06-06 21:00:00,3601.0,301.0
2011-06-06 22:00:00,3025.0,203.0
2011-06-06 23:00:00,2571.0,142.0
2011-06-07 00:00:00,1842.0,79.0
2011-06-07 01:00:00,1381.0,50.0
2011-06-07 02:00:00,1113.0,31.0
2011-06-07 03:00:00,1143.0,47.0
2011-06-07 04:00:00,1706.0,47.0
2011-06-07 05:00:00,2609.0,153.0
2011-06-07 06:00:00,3582.0,366.0
2011-06-07 07:00:00,4126.0,510.0
2011-06-07 08:00:00,3843.0,563.0
2011-06-07 09:00:00,3825.0,517.0
2011-06-07 10:00:00,4196.0,513.0
2011-06-07 11:00:00,4536.0,568.0
2011-06-07 12:00:00,4572.0,756.0
2011-06-07 13:00:00,4118.0,703.0
2011-06-07 14:00:00,4279.0,791.0
2011-06-07 15:00:00,4326.0,818.0
2011-06-07 16:00:00,4382.0,846.0
2011-06-07 17:00:00,4224.0,838.0
2011-06-07 18:00:00,4477.0,719.0
2011-06-07 19:00:00,4457.0,616.0
2011-06-07 20:00:00,3799.0,455.0
2011-06-07 21:00:00,3527.0,314.0
2011-06-07 22:00:00,3359.0,224.0
2011-06-07 23:00:00,2816.0,134.0
2011-06-08 00:00:00,2091.0,95.0
2011-06-08 01:00:00,1496.0,52.0
2011-06-08 02:00:00,1179.0,44.0
2011-06-08 03:00:00,1249.0,36.0
2011-06-08 04:00:00,1774.0,53.0
2011-06-08 05:00:00,3075.0,175.0
2011-06-08 06:00:00,4418.0,365.0
2011-06-08 07:00:00,4749.0,516.0
2011-06-08 08:00:00,4617.0,553.0
2011-06-08 09:00:00,4186.0,527.0
2011-06-08 10:00:00,4236.0,573.0
2011-06-08 11:00:00,4214.0,663.0
2011-06-08 12:00:00,4379.0,691.0
2011-06-08 13:00:00,4365.0,648.0
2011-06-08 14:00:00,4739.0,693.0
2011-06-08 15:00:00,4324.0,803.0
2011-06-08 16:00:00,3895.0,799.0
2011-06-08 17:00:00,4183.0,834.0
2011-06-08 18:00:00,4433.0,689.0
2011-06-08 19:00:00,3807.0,598.0
2011-06-08 20:00:00,3628.0,467.0
2011-06-08 21:00:00,3415.0,351.0
2011-06-08 22:00:00,3558.0,244.0
2011-06-08 23:00:00,3052.0,180.0
2011-06-09 00:00:00,2249.0,105.0
2011-06-09 01:00:00,1614.0,60.0
2011-06-09 02:00:00,1336.0,39.0
2011-06-09 03:00:00,1356.0,50.0
2011-06-09 04:00:00,1890.0,78.0
2011-06-09 05:00:00,3131.0,162.0
2011-06-09 06:00:00,4514.0,344.0
2011-06-09 07:00:00,4798.0,496.0
2011-06-09 08:00:00,4215.0,553.0
2011-06-09 09:00:00,4255.0,555.0
2011-06-09 10:00:00,4318.0,598.0
2011-06-09 11:00:00,4461.0,724.0
2011-06-09 12:00:00,2949.0,761.0
2011-06-09 13:00:00,2787.0,644.0
2011-06-09 14:00:00,2117.0,801.0
2011-06-09 15:00:00,4325.0,863.0
2011-06-09 16:00:00,4408.0,813.0
2011-06-09 17:00:00,4562.0,726.0
2011-06-09 18:00:00,4495.0,732.0
2011-06-09 19:00:00,4462.0,600.0
2011-06-09 20:00:00,4121.0,561.0
2011-06-09 21:00:00,4015.0,394.0
2011-06-09 22:00:00,3226.0,254.0
2011-06-09 23:00:00,2900.0,134.0
2011-06-10 00:00:00,2339.0,107.0
2011-06-10 01:00:00,1808.0,68.0
2011-06-10 02:00:00,1410.0,46.0
2011-06-10 03:00:00,1430.0,52.0
2011-06-10 04:00:00,1886.0,49.0
2011-06-10 05:00:00,3255.0,169.0
2011-06-10 06:00:00,4015.0,356.0
2011-06-10 07:00:00,3851.0,568.0
2011-06-10 08:00:00,3449.0,575.0
2011-06-10 09:00:00,3658.0,595.0
2011-06-10 10:00:00,4362.0,635.0
2011-06-10 11:00:00,4594.0,710.0
2011-06-10 12:00:00,4532.0,761.0
2011-06-10 13:00:00,4526.0,751.0
2011-06-10 14:00:00,4534.0,884.0
2011-06-10 15:00:00,4349.0,910.0
2011-06-10 16:00:00,4240.0,856.0
2011-06-10 17:00:00,4714.0,836.0
2011-06-10 18:00:00,4497.0,785.0
2011-06-10 19:00:00,4466.0,717.0
2011-06-10 20:00:00,4583.0,583.0
2011-06-10 21:00:00,4398.0,403.0
2011-06-10 22:00:00,4142.0,305.0
2011-06-10 23:00:00,3808.0,233.0
2011-06-11 00:00:00,2995.0,153.0
2011-06-11 01:00:00,2357.0,159.0
2011-06-11 02:00:00,1880.0,239.0
2011-06-11 03:00:00,1792.0,147.0
2011-06-11 04:00:00,1891.0,255.0
2011-06-11 05:00:00,2033.0,165.0
2011-06-11 06:00:00,2616.0,251.0
2011-06-11 07:00:00,3492.0,326.0
2011-06-11 08:00:00,3906.0,565.0
2011-06-11 09:00:00,4498.0,694.0
2011-06-11 10:00:00,4602.0,663.0
2011-06-11 11:00:00,4335.0,850.0
2011-06-11 12:00:00,4587.0,884.0
2011-06-11 13:00:00,4598.0,925.0
2011-06-11 14:00:00,4333.0,955.0
2011-06-11 15:00:00,4549.0,1009.0
2011-06-11 16:00:00,4306.0,755.0
2011-06-11 17:00:00,4874.0,742.0
2011-06-11 18:00:00,4874.0,630.0
2011-06-11 19:00:00,4865.0,533.0
2011-06-11 20:00:00,4747.0,425.0
2011-06-11 21:00:00,4437.0,320.0
2011-06-11 22:00:00,4291.0,369.0
2011-06-11 23:00:00,3800.0,399.0
2011-06-12 00:00:00,3470.0,274.0
2011-06-12 01:00:00,2346.0,195.0
2011-06-12 02:00:00,1922.0,102.0
2011-06-12 03:00:00,1650.0,47.0
2011-06-12 04:00:00,1744.0,85.0
2011-06-12 05:00:00,1473.0,76.0
2011-06-12 06:00:00,1709.0,142.0
2011-06-12 07:00:00,2157.0,175.0
2011-06-12 08:00:00,2736.0,255.0
2011-06-12 09:00:00,2912.0,384.0
2011-06-12 10:00:00,4627.0,545.0
2011-06-12 11:00:00,4591.0,644.0
2011-06-12 12:00:00,4877.0,716.0
2011-06-12 13:00:00,4973.0,718.0
2011-06-12 14:00:00,4560.0,782.0
2011-06-12 15:00:00,4662.0,766.0
2011-06-12 16:00:00,4529.0,678.0
2011-06-12 17:00:00,4899.0,580.0
2011-06-12 18:00:00,4561.0,517.0
2011-06-12 19:00:00,3076.0,391.0
2011-06-12 20:00:00,4617.0,287.0
2011-06-12 21:00:00,4393.0,221.0
2011-06-12 22:00:00,3958.0,169.0
2011-06-12 23:00:00,3548.0,132.0
2011-06-13 00:00:00,2504.0,59.0
2011-06-13 01:00:00,1585.0,48.0
2011-06-13 02:00:00,1303.0,44.0
2011-06-13 03:00:00,1261.0,62.0
2011-06-13 04:00:00,1814.0,96.0
2011-06-13 05:00:00,3097.0,230.0
2011-06-13 06:00:00,4528.0,378.0
2011-06-13 07:00:00,4873.0,483.0
2011-06-13 08:00:00,4456.0,533.0
2011-06-13 09:00:00,4051.0,503.0
2011-06-13 10:00:00,3889.0,531.0
2011-06-13 11:00:00,4299.0,660.0
2011-06-13 12:00:00,4252.0,716.0
2011-06-13 13:00:00,4208.0,718.0
2011-06-13 14:00:00,4494.0,768.0
2011-06-13 15:00:00,4621.0,822.0
2011-06-13 16:00:00,4634.0,766.0
2011-06-13 17:00:00,4510.0,771.0
2011-06-13 18:00:00,4520.0,741.0
2011-06-13 19:00:00,4086.0,618.0
2011-06-13 20:00:00,3947.0,484.0
2011-06-13 21:00:00,3738.0,297.0
2011-06-13 22:00:00,3532.0,227.0
2011-06-13 23:00:00,2755.0,127.0
2011-06-14 00:00:00,2246.0,100.0
2011-06-14 01:00:00,1684.0,47.0
2011-06-14 02:00:00,1337.0,36.0
2011-06-14 03:00:00,1225.0,44.0
2011-06-14 04:00:00,1760.0,45.0
2011-06-14 05:00:00,3167.0,140.0
2011-06-14 06:00:00,4495.0,338.0
2011-06-14 07:00:00,4876.0,490.0
2011-06-14 08:00:00,4687.0,550.0
2011-06-14 09:00:00,4348.0,532.0
2011-06-14 10:00:00,4268.0,539.0
2011-06-14 11:00:00,4128.0,625.0
2011-06-14 12:00:00,4162.0,645.0
2011-06-14 13:00:00,4494.0,653.0
2011-06-14 14:00:00,4609.0,731.0
2011-06-14 15:00:00,4607.0,889.0
2011-06-14 16:00:00,4046.0,737.0
2011-06-14 17:00:00,3291.0,735.0
2011-06-14 18:00:00,4031.0,798.0
2011-06-14 19:00:00,4536.0,543.0
2011-06-14 20:00:00,4277.0,423.0
2011-06-14 21:00:00,3627.0,298.0
2011-06-14 22:00:00,3304.0,231.0
2011-06-14 23:00:00,2673.0,158.0
2011-06-15 00:00:00,1897.0,83.0
2011-06-15 01:00:00,1369.0,59.0
2011-06-15 02:00:00,1136.0,39.0
2011-06-15 03:00:00,1209.0,55.0
2011-06-15 04:00:00,1785.0,56.0
2011-06-15 05:00:00,3152.0,163.0
2011-06-15 06:00:00,4440.0,361.0
2011-06-15 07:00:00,4867.0,520.0
2011-06-15 08:00:00,4570.0,606.0
2011-06-15 09:00:00,4460.0,539.0
2011-06-15 10:00:00,4410.0,599.0
2011-06-15 11:00:00,4143.0,694.0
2011-06-15 12:00:00,4397.0,699.0
2011-06-15 13:00:00,4727.0,684.0
2011-06-15 14:00:00,4656.0,727.0
2011-06-15 15:00:00,4592.0,825.0
2011-06-15 16:00:00,3544.0,861.0
2011-06-15 17:00:00,2923.0,756.0
2011-06-15 18:00:00,4218.0,783.0
2011-06-15 19:00:00,5229.0,652.0
2011-06-15 20:00:00,4582.0,497.0
2011-06-15 21:00:00,4045.0,360.0
2011-06-15 22:00:00,3709.0,277.0
2011-06-15 23:00:00,3037.0,183.0
2011-06-16 00:00:00,2195.0,96.0
2011-06-16 01:00:00,1561.0,64.0
2011-06-16 02:00:00,1314.0,54.0
2011-06-16 03:00:00,1393.0,56.0
2011-06-16 04:00:00,1902.0,75.0
2011-06-16 05:00:00,3320.0,154.0
2011-06-16 06:00:00,4472.0,344.0
2011-06-16 07:00:00,4939.0,480.0
2011-06-16 08:00:00,4690.0,555.0
2011-06-16 09:00:00,4316.0,547.0
2011-06-16 10:00:00,4227.0,575.0
2011-06-16 11:00:00,4004.0,694.0
2011-06-16 12:00:00,4173.0,702.0
2011-06-16 13:00:00,4177.0,636.0
2011-06-16 14:00:00,4608.0,709.0
2011-06-16 15:00:00,4581.0,931.0
2011-06-16 16:00:00,4531.0,805.0
2011-06-16 17:00:00,4316.0,817.0
2011-06-16 18:00:00,4412.0,680.0
2011-06-16 19:00:00,4461.0,627.0
2011-06-16 20:00:00,4466.0,478.0
2011-06-16 21:00:00,4177.0,353.0
2011-06-16 22:00:00,3503.0,256.0
2011-06-16 23:00:00,3400.0,196.0
2011-06-17 00:00:00,2650.0,100.0
2011-06-17 01:00:00,1708.0,54.0
2011-06-17 02:00:00,1344.0,102.0
2011-06-17 03:00:00,1304.0,435.0
2011-06-17 04:00:00,2093.0,230.0
2011-06-17 05:00:00,2880.0,478.0
2011-06-17 06:00:00,3992.0,441.0
2011-06-17 07:00:00,4644.0,632.0
2011-06-17 08:00:00,4651.0,581.0
2011-06-17 09:00:00,4467.0,542.0
2011-06-17 10:00:00,3948.0,614.0
2011-06-17 11:00:00,4025.0,740.0
2011-06-17 12:00:00,3829.0,764.0
2011-06-17 13:00:00,4693.0,799.0
2011-06-17 14:00:00,4449.0,825.0
2011-06-17 15:00:00,3914.0,970.0
2011-06-17 16:00:00,4445.0,888.0
2011-06-17 17:00:00,3502.0,809.0
2011-06-17 18:00:00,3884.0,959.0
2011-06-17 19:00:00,4443.0,856.0
2011-06-17 20:00:00,4336.0,497.0
2011-06-17 21:00:00,4153.0,410.0
2011-06-17 22:00:00,3901.0,301.0
2011-06-17 23:00:00,2450.0,266.0
2011-06-18 00:00:00,3143.0,164.0
2011-06-18 01:00:00,2324.0,86.0
2011-06-18 02:00:00,1841.0,66.0
2011-06-18 03:00:00,1796.0,47.0
2011-06-18 04:00:00,1754.0,76.0
2011-06-18 05:00:00,2092.0,101.0
2011-06-18 06:00:00,2633.0,205.0
2011-06-18 07:00:00,3402.0,307.0
2011-06-18 08:00:00,4186.0,452.0
2011-06-18 09:00:00,1975.0,640.0
2011-06-18 10:00:00,3935.0,756.0
2011-06-18 11:00:00,4661.0,811.0
2011-06-18 12:00:00,4809.0,848.0
2011-06-18 13:00:00,4545.0,887.0
2011-06-18 14:00:00,4660.0,857.0
2011-06-18 15:00:00,4980.0,866.0
2011-06-18 16:00:00,4448.0,788.0
2011-06-18 17:00:00,4898.0,738.0
2011-06-18 18:00:00,4647.0,645.0
2011-06-18 19:00:00,4992.0,603.0
2011-06-18 20:00:00,4922.0,498.0
2011-06-18 21:00:00,4920.0,394.0
2011-06-18 22:00:00,4924.0,302.0
2011-06-18 23:00:00,4331.0,246.0
2011-06-19 00:00:00,3726.0,169.0
2011-06-19 01:00:00,3430.0,96.0
2011-06-19 02:00:00,2636.0,82.0
2011-06-19 03:00:00,2284.0,86.0
2011-06-19 04:00:00,2470.0,93.0
2011-06-19 05:00:00,1884.0,89.0
2011-06-19 06:00:00,1749.0,166.0
2011-06-19 07:00:00,2185.0,170.0
2011-06-19 08:00:00,2957.0,294.0
2011-06-19 09:00:00,3893.0,445.0
2011-06-19 10:00:00,4921.0,563.0
2011-06-19 11:00:00,5069.0,634.0
2011-06-19 12:00:00,4964.0,649.0
2011-06-19 13:00:00,4870.0,680.0
2011-06-19 14:00:00,4724.0,767.0
2011-06-19 15:00:00,4732.0,645.0
2011-06-19 16:00:00,3806.0,592.0
2011-06-19 17:00:00,3048.0,484.0
2011-06-19 18:00:00,4424.0,487.0
2011-06-19 19:00:00,4922.0,379.0
2011-06-19 20:00:00,4975.0,372.0
2011-06-19 21:00:00,4934.0,251.0
2011-06-19 22:00:00,4724.0,201.0
2011-06-19 23:00:00,4250.0,163.0
2011-06-20 00:00:00,2751.0,85.0
2011-06-20 01:00:00,1824.0,60.0
2011-06-20 02:00:00,1468.0,65.0
2011-06-20 03:00:00,1370.0,34.0
2011-06-20 04:00:00,1921.0,53.0
2011-06-20 05:00:00,3315.0,149.0
2011-06-20 06:00:00,4596.0,350.0
2011-06-20 07:00:00,4836.0,471.0
2011-06-20 08:00:00,4693.0,532.0
2011-06-20 09:00:00,4440.0,453.0
2011-06-20 10:00:00,4130.0,530.0
2011-06-20 11:00:00,4225.0,542.0
2011-06-20 12:00:00,4053.0,716.0
2011-06-20 13:00:00,3989.0,663.0
2011-06-20 14:00:00,4551.0,736.0
2011-06-20 15:00:00,4536.0,857.0
2011-06-20 16:00:00,4464.0,789.0
2011-06-20 17:00:00,4549.0,757.0
2011-06-20 18:00:00,4176.0,712.0
2011-06-20 19:00:00,3990.0,598.0
2011-06-20 20:00:00,3888.0,469.0
2011-06-20 21:00:00,3416.0,306.0
2011-06-20 22:00:00,2943.0,204.0
2011-06-20 23:00:00,2841.0,149.0
2011-06-21 00:00:00,2028.0,81.0
2011-06-21 01:00:00,1511.0,43.0
2011-06-21 02:00:00,1137.0,40.0
2011-06-21 03:00:00,1317.0,51.0
2011-06-21 04:00:00,1716.0,47.0
2011-06-21 05:00:00,3237.0,134.0
2011-06-21 06:00:00,4449.0,346.0
2011-06-21 07:00:00,4795.0,486.0
2011-06-21 08:00:00,3142.0,500.0
2011-06-21 09:00:00,4497.0,430.0
2011-06-21 10:00:00,4391.0,482.0
2011-06-21 11:00:00,4710.0,563.0
2011-06-21 12:00:00,4439.0,636.0
2011-06-21 13:00:00,4364.0,618.0
2011-06-21 14:00:00,4662.0,654.0
2011-06-21 15:00:00,4578.0,832.0
2011-06-21 16:00:00,4483.0,726.0
2011-06-21 17:00:00,4471.0,698.0
2011-06-21 18:00:00,4592.0,668.0
2011-06-21 19:00:00,4147.0,601.0
2011-06-21 20:00:00,3951.0,453.0
2011-06-21 21:00:00,3768.0,316.0
2011-06-21 22:00:00,3351.0,228.0
2011-06-21 23:00:00,2819.0,162.0
2011-06-22 00:00:00,2184.0,95.0
2011-06-22 01:00:00,1521.0,52.0
2011-06-22 02:00:00,1203.0,41.0
2011-06-22 03:00:00,1274.0,43.0
2011-06-22 04:00:00,1780.0,54.0
2011-06-22 05:00:00,3347.0,164.0
2011-06-22 06:00:00,4551.0,347.0
2011-06-22 07:00:00,4863.0,511.0
2011-06-22 08:00:00,4614.0,554.0
2011-06-22 09:00:00,4345.0,495.0
2011-06-22 10:00:00,3894.0,647.0
2011-06-22 11:00:00,4078.0,772.0
2011-06-22 12:00:00,4111.0,691.0
2011-06-22 13:00:00,4434.0,677.0
2011-06-22 14:00:00,4788.0,686.0
2011-06-22 15:00:00,4255.0,884.0
2011-06-22 16:00:00,4382.0,768.0
2011-06-22 17:00:00,4553.0,785.0
2011-06-22 18:00:00,3877.0,695.0
2011-06-22 19:00:00,4549.0,680.0
2011-06-22 20:00:00,4055.0,472.0
2011-06-22 21:00:00,3535.0,297.0
2011-06-22 22:00:00,3187.0,235.0
2011-06-22 23:00:00,2846.0,155.0
2011-06-23 00:00:00,2222.0,92.0
2011-06-23 01:00:00,1496.0,61.0
2011-06-23 02:00:00,1226.0,56.0
2011-06-23 03:00:00,1301.0,34.0
2011-06-23 04:00:00,1820.0,69.0
2011-06-23 05:00:00,3332.0,121.0
2011-06-23 06:00:00,4542.0,341.0
2011-06-23 07:00:00,5057.0,477.0
2011-06-23 08:00:00,4659.0,571.0
2011-06-23 09:00:00,4594.0,525.0
2011-06-23 10:00:00,4354.0,569.0
2011-06-23 11:00:00,3894.0,796.0
2011-06-23 12:00:00,3912.0,807.0
2011-06-23 13:00:00,4059.0,768.0
2011-06-23 14:00:00,3386.0,635.0
2011-06-23 15:00:00,3354.0,811.0
2011-06-23 16:00:00,2642.0,795.0
2011-06-23 17:00:00,3135.0,760.0
2011-06-23 18:00:00,4727.0,760.0
2011-06-23 19:00:00,4770.0,622.0
2011-06-23 20:00:00,4406.0,438.0
2011-06-23 21:00:00,3812.0,340.0
2011-06-23 22:00:00,3574.0,227.0
2011-06-23 23:00:00,3166.0,160.0
2011-06-24 00:00:00,2671.0,103.0
2011-06-24 01:00:00,1674.0,74.0
2011-06-24 02:00:00,1497.0,62.0
2011-06-24 03:00:00,1494.0,70.0
2011-06-24 04:00:00,2005.0,98.0
2011-06-24 05:00:00,3123.0,183.0
2011-06-24 06:00:00,4324.0,367.0
2011-06-24 07:00:00,4054.0,583.0
2011-06-24 08:00:00,4526.0,625.0
2011-06-24 09:00:00,3742.0,602.0
2011-06-24 10:00:00,4013.0,716.0
2011-06-24 11:00:00,4350.0,817.0
2011-06-24 12:00:00,3803.0,851.0
2011-06-24 13:00:00,3616.0,787.0
2011-06-24 14:00:00,3690.0,873.0
2011-06-24 15:00:00,4130.0,1266.0
2011-06-24 16:00:00,4487.0,791.0
2011-06-24 17:00:00,4455.0,876.0
2011-06-24 18:00:00,4333.0,757.0
2011-06-24 19:00:00,4205.0,701.0
2011-06-24 20:00:00,4416.0,540.0
2011-06-24 21:00:00,3928.0,358.0
2011-06-24 22:00:00,3739.0,280.0
2011-06-24 23:00:00,3488.0,232.0
2011-06-25 00:00:00,2835.0,160.0
2011-06-25 01:00:00,2357.0,100.0
2011-06-25 02:00:00,1742.0,64.0
2011-06-25 03:00:00,1754.0,51.0
2011-06-25 04:00:00,2000.0,83.0
2011-06-25 05:00:00,2048.0,102.0
2011-06-25 06:00:00,2587.0,211.0
2011-06-25 07:00:00,3448.0,274.0
2011-06-25 08:00:00,4278.0,410.0
2011-06-25 09:00:00,4541.0,607.0
2011-06-25 10:00:00,4677.0,688.0
2011-06-25 11:00:00,4236.0,820.0
2011-06-25 12:00:00,3614.0,833.0
2011-06-25 13:00:00,3751.0,911.0
2011-06-25 14:00:00,4487.0,906.0
2011-06-25 15:00:00,5085.0,841.0
2011-06-25 16:00:00,4987.0,800.0
2011-06-25 17:00:00,4862.0,690.0
2011-06-25 18:00:00,5120.0,639.0
2011-06-25 19:00:00,5064.0,554.0
2011-06-25 20:00:00,4712.0,473.0
2011-06-25 21:00:00,4894.0,361.0
2011-06-25 22:00:00,4634.0,293.0
2011-06-25 23:00:00,3844.0,228.0
2011-06-26 00:00:00,3605.0,188.0
2011-06-26 01:00:00,3122.0,134.0
2011-06-26 02:00:00,2396.0,94.0
2011-06-26 03:00:00,1932.0,79.0
2011-06-26 04:00:00,2114.0,114.0
2011-06-26 05:00:00,1728.0,81.0
2011-06-26 06:00:00,1896.0,177.0
2011-06-26 07:00:00,2450.0,195.0
2011-06-26 08:00:00,2962.0,282.0
2011-06-26 09:00:00,3991.0,392.0
2011-06-26 10:00:00,4240.0,529.0
2011-06-26 11:00:00,4675.0,586.0
2011-06-26 12:00:00,4867.0,651.0
2011-06-26 13:00:00,5013.0,690.0
2011-06-26 14:00:00,4929.0,667.0
2011-06-26 15:00:00,4849.0,704.0
2011-06-26 16:00:00,4247.0,576.0
2011-06-26 17:00:00,4658.0,528.0
2011-06-26 18:00:00,4755.0,445.0
2011-06-26 19:00:00,4528.0,344.0
2011-06-26 20:00:00,4785.0,313.0
2011-06-26 21:00:00,3964.0,257.0
2011-06-26 22:00:00,4356.0,212.0
2011-06-26 23:00:00,3858.0,168.0
2011-06-27 00:00:00,2764.0,96.0
2011-06-27 01:00:00,1726.0,50.0
2011-06-27 02:00:00,1486.0,54.0
2011-06-27 03:00:00,1436.0,39.0
2011-06-27 04:00:00,1969.0,68.0
2011-06-27 05:00:00,2915.0,144.0
2011-06-27 06:00:00,4249.0,342.0
2011-06-27 07:00:00,4767.0,467.0
2011-06-27 08:00:00,4521.0,544.0
2011-06-27 09:00:00,4074.0,509.0
2011-06-27 10:00:00,4393.0,551.0
2011-06-27 11:00:00,3670.0,616.0
2011-06-27 12:00:00,2960.0,720.0
2011-06-27 13:00:00,4141.0,715.0
2011-06-27 14:00:00,4516.0,739.0
2011-06-27 15:00:00,4445.0,844.0
2011-06-27 16:00:00,4407.0,746.0
2011-06-27 17:00:00,4496.0,767.0
2011-06-27 18:00:00,4563.0,695.0
2011-06-27 19:00:00,4300.0,604.0
2011-06-27 20:00:00,4096.0,491.0
2011-06-27 21:00:00,3718.0,338.0
2011-06-27 22:00:00,3331.0,225.0
2011-06-27 23:00:00,2920.0,148.0
2011-06-28 00:00:00,2326.0,82.0
2011-06-28 01:00:00,1484.0,48.0
2011-06-28 02:00:00,1222.0,37.0
2011-06-28 03:00:00,1340.0,40.0
2011-06-28 04:00:00,1835.0,51.0
2011-06-28 05:00:00,3120.0,132.0
2011-06-28 06:00:00,4541.0,334.0
2011-06-28 07:00:00,4845.0,485.0
2011-06-28 08:00:00,4460.0,550.0
2011-06-28 09:00:00,4230.0,417.0
2011-06-28 10:00:00,4365.0,401.0
2011-06-28 11:00:00,4230.0,615.0
2011-06-28 12:00:00,4417.0,694.0
2011-06-28 13:00:00,4507.0,673.0
2011-06-28 14:00:00,4571.0,738.0
2011-06-28 15:00:00,4304.0,709.0
2011-06-28 16:00:00,4604.0,665.0
2011-06-28 17:00:00,4535.0,762.0
2011-06-28 18:00:00,4308.0,707.0
2011-06-28 19:00:00,3947.0,616.0
2011-06-28 20:00:00,4082.0,461.0
2011-06-28 21:00:00,3849.0,336.0
2011-06-28 22:00:00,3560.0,245.0
2011-06-28 23:00:00,2644.0,165.0
2011-06-29 00:00:00,2419.0,90.0
2011-06-29 01:00:00,1481.0,60.0
2011-06-29 02:00:00,1259.0,48.0
2011-06-29 03:00:00,1359.0,62.0
2011-06-29 04:00:00,1776.0,55.0
2011-06-29 05:00:00,3171.0,128.0
2011-06-29 06:00:00,4375.0,333.0
2011-06-29 07:00:00,4590.0,509.0
2011-06-29 08:00:00,4430.0,545.0
2011-06-29 09:00:00,4018.0,529.0
2011-06-29 10:00:00,3504.0,611.0
2011-06-29 11:00:00,4468.0,616.0
2011-06-29 12:00:00,4433.0,665.0
2011-06-29 13:00:00,4197.0,696.0
2011-06-29 14:00:00,4397.0,809.0
2011-06-29 15:00:00,4454.0,784.0
2011-06-29 16:00:00,4421.0,785.0
2011-06-29 17:00:00,4241.0,777.0
2011-06-29 18:00:00,4375.0,721.0
2011-06-29 19:00:00,4235.0,609.0
2011-06-29 20:00:00,4069.0,511.0
2011-06-29 21:00:00,3816.0,374.0
2011-06-29 22:00:00,3717.0,260.0
2011-06-29 23:00:00,3212.0,172.0
2011-06-30 00:00:00,2661.0,107.0
2011-06-30 01:00:00,1633.0,77.0
2011-06-30 02:00:00,1430.0,49.0
2011-06-30 03:00:00,1436.0,52.0
2011-06-30 04:00:00,1962.0,57.0
2011-06-30 05:00:00,3261.0,139.0
2011-06-30 06:00:00,4390.0,337.0
2011-06-30 07:00:00,4579.0,476.0
2011-06-30 08:00:00,4345.0,579.0
2011-06-30 09:00:00,4452.0,519.0
2011-06-30 10:00:00,4234.0,594.0
2011-06-30 11:00:00,4073.0,692.0
2011-06-30 12:00:00,4397.0,728.0
2011-06-30 13:00:00,4447.0,709.0
2011-06-30 14:00:00,4604.0,753.0
2011-06-30 15:00:00,4342.0,775.0
2011-06-30 16:00:00,3877.0,789.0
2011-06-30 17:00:00,3735.0,747.0
2011-06-30 18:00:00,4265.0,770.0
2011-06-30 19:00:00,3867.0,653.0
2011-06-30 20:00:00,3730.0,567.0
2011-06-30 21:00:00,4449.0,410.0
2011-06-30 22:00:00,3790.0,297.0
2011-06-30 23:00:00,3092.0,197.0
2011-07-01 00:00:00,2341.0,140.0
2011-07-01 01:00:00,2112.0,101.0
2011-07-01 02:00:00,1705.0,55.0
2011-07-01 03:00:00,1580.0,69.0
2011-07-01 04:00:00,2067.0,70.0
2011-07-01 05:00:00,3442.0,137.0
2011-07-01 06:00:00,4325.0,342.0
2011-07-01 07:00:00,4531.0,863.0
2011-07-01 08:00:00,4226.0,1067.0
2011-07-01 09:00:00,4379.0,658.0
2011-07-01 10:00:00,4559.0,585.0
2011-07-01 11:00:00,4018.0,795.0
2011-07-01 12:00:00,3813.0,841.0
2011-07-01 13:00:00,4174.0,829.0
2011-07-01 14:00:00,4093.0,958.0
2011-07-01 15:00:00,4365.0,869.0
2011-07-01 16:00:00,4558.0,808.0
2011-07-01 17:00:00,4570.0,840.0
2011-07-01 18:00:00,4685.0,844.0
2011-07-01 19:00:00,4462.0,692.0
2011-07-01 20:00:00,4679.0,574.0
2011-07-01 21:00:00,4673.0,439.0
2011-07-01 22:00:00,4322.0,329.0
2011-07-01 23:00:00,3826.0,221.0
2011-07-02 00:00:00,3357.0,149.0
2011-07-02 01:00:00,2540.0,216.0
2011-07-02 02:00:00,2086.0,140.0
2011-07-02 03:00:00,1846.0,103.0
2011-07-02 04:00:00,2239.0,93.0
2011-07-02 05:00:00,2352.0,106.0
2011-07-02 06:00:00,3014.0,191.0
2011-07-02 07:00:00,3815.0,286.0
2011-07-02 08:00:00,4330.0,469.0
2011-07-02 09:00:00,4665.0,625.0
2011-07-02 10:00:00,4686.0,756.0
2011-07-02 11:00:00,3776.0,840.0
2011-07-02 12:00:00,3607.0,930.0
2011-07-02 13:00:00,3780.0,885.0
2011-07-02 14:00:00,4258.0,879.0
2011-07-02 15:00:00,4664.0,816.0
2011-07-02 16:00:00,4630.0,747.0
2011-07-02 17:00:00,4702.0,713.0
2011-07-02 18:00:00,4617.0,623.0
2011-07-02 19:00:00,4781.0,608.0
2011-07-02 20:00:00,4779.0,464.0
2011-07-02 21:00:00,4747.0,382.0
2011-07-02 22:00:00,3850.0,292.0
2011-07-02 23:00:00,4592.0,236.0
2011-07-03 00:00:00,3696.0,186.0
2011-07-03 01:00:00,2654.0,110.0
2011-07-03 02:00:00,2011.0,93.0
2011-07-03 03:00:00,1790.0,72.0
2011-07-03 04:00:00,1887.0,87.0
2011-07-03 05:00:00,1529.0,81.0
2011-07-03 06:00:00,1750.0,146.0
2011-07-03 07:00:00,2193.0,294.0
2011-07-03 08:00:00,2529.0,444.0
2011-07-03 09:00:00,3111.0,413.0
2011-07-03 10:00:00,3984.0,484.0
2011-07-03 11:00:00,4355.0,645.0
2011-07-03 12:00:00,4568.0,629.0
2011-07-03 13:00:00,4640.0,661.0
2011-07-03 14:00:00,4904.0,726.0
2011-07-03 15:00:00,4833.0,781.0
2011-07-03 16:00:00,4598.0,695.0
2011-07-03 17:00:00,4198.0,619.0
2011-07-03 18:00:00,4590.0,498.0
2011-07-03 19:00:00,4388.0,380.0
2011-07-03 20:00:00,4411.0,310.0
2011-07-03 21:00:00,4591.0,243.0
2011-07-03 22:00:00,4251.0,193.0
2011-07-03 23:00:00,4006.0,197.0
2011-07-04 00:00:00,3074.0,124.0
2011-07-04 01:00:00,2126.0,100.0
2011-07-04 02:00:00,1564.0,77.0
2011-07-04 03:00:00,1332.0,52.0
2011-07-04 04:00:00,1480.0,64.0
2011-07-04 05:00:00,1435.0,83.0
2011-07-04 06:00:00,1712.0,152.0
2011-07-04 07:00:00,2074.0,192.0
2011-07-04 08:00:00,2482.0,259.0
2011-07-04 09:00:00,3125.0,428.0
2011-07-04 10:00:00,3942.0,518.0
2011-07-04 11:00:00,4323.0,635.0
2011-07-04 12:00:00,4871.0,717.0
2011-07-04 13:00:00,4131.0,662.0
2011-07-04 14:00:00,4175.0,674.0
2011-07-04 15:00:00,4982.0,626.0
2011-07-04 16:00:00,4533.0,526.0
2011-07-04 17:00:00,4482.0,451.0
2011-07-04 18:00:00,4341.0,394.0
2011-07-04 19:00:00,4279.0,335.0
2011-07-04 20:00:00,4337.0,290.0
2011-07-04 21:00:00,4304.0,266.0
2011-07-04 22:00:00,4266.0,231.0
2011-07-04 23:00:00,4527.0,200.0
2011-07-05 00:00:00,3774.0,135.0
2011-07-05 01:00:00,2217.0,117.0
2011-07-05 02:00:00,1656.0,63.0
2011-07-05 03:00:00,1435.0,46.0
2011-07-05 04:00:00,1865.0,57.0
2011-07-05 05:00:00,3246.0,115.0
2011-07-05 06:00:00,4403.0,301.0
2011-07-05 07:00:00,4523.0,439.0
2011-07-05 08:00:00,4534.0,498.0
2011-07-05 09:00:00,4276.0,502.0
2011-07-05 10:00:00,4300.0,494.0
2011-07-05 11:00:00,4582.0,639.0
2011-07-05 12:00:00,4506.0,684.0
2011-07-05 13:00:00,4564.0,685.0
2011-07-05 14:00:00,4551.0,719.0
2011-07-05 15:00:00,4576.0,750.0
2011-07-05 16:00:00,4481.0,735.0
2011-07-05 17:00:00,3592.0,728.0
2011-07-05 18:00:00,3470.0,676.0
2011-07-05 19:00:00,4048.0,641.0
2011-07-05 20:00:00,4096.0,496.0
2011-07-05 21:00:00,3729.0,354.0
2011-07-05 22:00:00,3492.0,261.0
2011-07-05 23:00:00,2596.0,158.0
2011-07-06 00:00:00,2118.0,94.0
2011-07-06 01:00:00,1560.0,44.0
2011-07-06 02:00:00,1194.0,46.0
2011-07-06 03:00:00,1272.0,52.0
2011-07-06 04:00:00,1849.0,63.0
2011-07-06 05:00:00,3078.0,128.0
2011-07-06 06:00:00,4386.0,306.0
2011-07-06 07:00:00,4804.0,501.0
2011-07-06 08:00:00,4425.0,554.0
2011-07-06 09:00:00,4456.0,509.0
2011-07-06 10:00:00,4405.0,501.0
2011-07-06 11:00:00,4061.0,601.0
2011-07-06 12:00:00,4512.0,632.0
2011-07-06 13:00:00,4664.0,682.0
2011-07-06 14:00:00,4588.0,706.0
2011-07-06 15:00:00,4600.0,717.0
2011-07-06 16:00:00,4685.0,728.0
2011-07-06 17:00:00,4632.0,745.0
2011-07-06 18:00:00,4676.0,691.0
2011-07-06 19:00:00,4121.0,651.0
2011-07-06 20:00:00,4298.0,447.0
2011-07-06 21:00:00,3979.0,354.0
2011-07-06 22:00:00,3266.0,244.0
2011-07-06 23:00:00,2669.0,173.0
2011-07-07 00:00:00,2233.0,94.0
2011-07-07 01:00:00,1718.0,62.0
2011-07-07 02:00:00,1396.0,38.0
2011-07-07 03:00:00,1206.0,56.0
2011-07-07 04:00:00,1968.0,55.0
2011-07-07 05:00:00,3199.0,138.0
2011-07-07 06:00:00,4399.0,321.0
2011-07-07 07:00:00,4578.0,444.0
2011-07-07 08:00:00,4461.0,565.0
2011-07-07 09:00:00,4480.0,478.0
2011-07-07 10:00:00,4348.0,572.0
2011-07-07 11:00:00,4266.0,631.0
2011-07-07 12:00:00,4423.0,677.0
2011-07-07 13:00:00,4448.0,684.0
2011-07-07 14:00:00,4589.0,786.0
2011-07-07 15:00:00,4474.0,825.0
2011-07-07 16:00:00,4529.0,830.0
2011-07-07 17:00:00,3873.0,792.0
2011-07-07 18:00:00,4025.0,823.0
2011-07-07 19:00:00,4657.0,655.0
2011-07-07 20:00:00,4387.0,526.0
2011-07-07 21:00:00,3917.0,310.0
2011-07-07 22:00:00,3508.0,252.0
2011-07-07 23:00:00,2594.0,176.0
2011-07-08 00:00:00,2319.0,81.0
2011-07-08 01:00:00,1762.0,59.0
2011-07-08 02:00:00,1504.0,56.0
2011-07-08 03:00:00,1392.0,55.0
2011-07-08 04:00:00,1814.0,68.0
2011-07-08 05:00:00,3209.0,230.0
2011-07-08 06:00:00,4424.0,333.0
2011-07-08 07:00:00,4495.0,463.0
2011-07-08 08:00:00,4350.0,563.0
2011-07-08 09:00:00,4429.0,572.0
2011-07-08 10:00:00,4388.0,623.0
2011-07-08 11:00:00,4547.0,670.0
2011-07-08 12:00:00,4371.0,749.0
2011-07-08 13:00:00,4419.0,718.0
2011-07-08 14:00:00,4187.0,814.0
2011-07-08 15:00:00,3635.0,792.0
2011-07-08 16:00:00,3583.0,814.0
2011-07-08 17:00:00,3877.0,785.0
2011-07-08 18:00:00,4234.0,762.0
2011-07-08 19:00:00,4373.0,688.0
2011-07-08 20:00:00,3452.0,622.0
2011-07-08 21:00:00,4192.0,603.0
2011-07-08 22:00:00,3711.0,456.0
2011-07-08 23:00:00,3245.0,336.0
2011-07-09 00:00:00,2490.0,253.0
2011-07-09 01:00:00,2103.0,120.0
2011-07-09 02:00:00,1814.0,97.0
2011-07-09 03:00:00,1469.0,65.0
2011-07-09 04:00:00,1781.0,79.0
2011-07-09 05:00:00,1858.0,95.0
2011-07-09 06:00:00,2302.0,184.0
2011-07-09 07:00:00,3498.0,285.0
2011-07-09 08:00:00,4180.0,402.0
2011-07-09 09:00:00,4405.0,609.0
2011-07-09 10:00:00,4675.0,756.0
2011-07-09 11:00:00,4141.0,789.0
2011-07-09 12:00:00,5008.0,846.0
2011-07-09 13:00:00,4902.0,839.0
2011-07-09 14:00:00,4918.0,856.0
2011-07-09 15:00:00,4926.0,791.0
2011-07-09 16:00:00,4823.0,745.0
2011-07-09 17:00:00,4818.0,715.0
2011-07-09 18:00:00,4371.0,637.0
2011-07-09 19:00:00,4897.0,572.0
2011-07-09 20:00:00,4917.0,495.0
2011-07-09 21:00:00,4998.0,402.0
2011-07-09 22:00:00,4939.0,309.0
2011-07-09 23:00:00,4560.0,261.0
2011-07-10 00:00:00,3825.0,192.0
2011-07-10 01:00:00,2801.0,117.0
2011-07-10 02:00:00,2229.0,85.0
2011-07-10 03:00:00,1914.0,90.0
2011-07-10 04:00:00,1976.0,91.0
2011-07-10 05:00:00,1647.0,90.0
2011-07-10 06:00:00,1862.0,119.0
2011-07-10 07:00:00,2363.0,208.0
2011-07-10 08:00:00,2966.0,262.0
2011-07-10 09:00:00,3659.0,394.0
2011-07-10 10:00:00,4640.0,507.0
2011-07-10 11:00:00,4383.0,617.0
2011-07-10 12:00:00,4878.0,667.0
2011-07-10 13:00:00,4739.0,680.0
2011-07-10 14:00:00,4177.0,703.0
2011-07-10 15:00:00,4861.0,649.0
2011-07-10 16:00:00,4659.0,615.0
2011-07-10 17:00:00,4748.0,474.0
2011-07-10 18:00:00,4986.0,457.0
2011-07-10 19:00:00,4663.0,381.0
2011-07-10 20:00:00,4493.0,356.0
2011-07-10 21:00:00,4169.0,240.0
2011-07-10 22:00:00,4687.0,245.0
2011-07-10 23:00:00,3890.0,173.0
2011-07-11 00:00:00,2650.0,102.0
2011-07-11 01:00:00,1730.0,63.0
2011-07-11 02:00:00,1350.0,48.0
2011-07-11 03:00:00,1288.0,37.0
2011-07-11 04:00:00,1900.0,46.0
2011-07-11 05:00:00,3121.0,146.0
2011-07-11 06:00:00,4535.0,311.0
2011-07-11 07:00:00,4715.0,438.0
2011-07-11 08:00:00,4373.0,512.0
2011-07-11 09:00:00,4124.0,493.0
2011-07-11 10:00:00,4072.0,521.0
2011-07-11 11:00:00,3768.0,626.0
2011-07-11 12:00:00,4335.0,662.0
2011-07-11 13:00:00,4171.0,665.0
2011-07-11 14:00:00,4804.0,741.0
2011-07-11 15:00:00,4722.0,740.0
2011-07-11 16:00:00,4583.0,728.0
2011-07-11 17:00:00,4663.0,766.0
2011-07-11 18:00:00,4579.0,779.0
2011-07-11 19:00:00,4254.0,596.0
2011-07-11 20:00:00,3913.0,475.0
2011-07-11 21:00:00,3636.0,352.0
2011-07-11 22:00:00,3143.0,218.0
2011-07-11 23:00:00,2612.0,160.0
2011-07-12 00:00:00,2146.0,83.0
2011-07-12 01:00:00,1483.0,51.0
2011-07-12 02:00:00,1146.0,39.0
2011-07-12 03:00:00,1135.0,38.0
2011-07-12 04:00:00,1743.0,54.0
2011-07-12 05:00:00,3045.0,151.0
2011-07-12 06:00:00,4091.0,310.0
2011-07-12 07:00:00,4675.0,488.0
2011-07-12 08:00:00,4421.0,528.0
2011-07-12 09:00:00,4197.0,530.0
2011-07-12 10:00:00,3983.0,819.0
2011-07-12 11:00:00,3923.0,636.0
2011-07-12 12:00:00,4109.0,686.0
2011-07-12 13:00:00,4116.0,666.0
2011-07-12 14:00:00,4525.0,738.0
2011-07-12 15:00:00,4610.0,710.0
2011-07-12 16:00:00,4399.0,706.0
2011-07-12 17:00:00,3970.0,766.0
2011-07-12 18:00:00,4607.0,694.0
2011-07-12 19:00:00,4015.0,592.0
2011-07-12 20:00:00,3844.0,446.0
2011-07-12 21:00:00,3817.0,322.0
2011-07-12 22:00:00,3401.0,243.0
2011-07-12 23:00:00,2603.0,183.0
2011-07-13 00:00:00,2126.0,68.0
2011-07-13 01:00:00,1510.0,61.0
2011-07-13 02:00:00,1302.0,50.0
2011-07-13 03:00:00,1186.0,52.0
2011-07-13 04:00:00,1642.0,59.0
2011-07-13 05:00:00,3092.0,127.0
2011-07-13 06:00:00,3999.0,285.0
2011-07-13 07:00:00,4685.0,480.0
2011-07-13 08:00:00,4641.0,500.0
2011-07-13 09:00:00,4394.0,489.0
2011-07-13 10:00:00,4189.0,569.0
2011-07-13 11:00:00,4035.0,615.0
2011-07-13 12:00:00,4192.0,631.0
2011-07-13 13:00:00,4295.0,688.0
2011-07-13 14:00:00,4637.0,673.0
2011-07-13 15:00:00,4571.0,755.0
2011-07-13 16:00:00,4498.0,697.0
2011-07-13 17:00:00,4537.0,710.0
2011-07-13 18:00:00,4507.0,725.0
2011-07-13 19:00:00,4365.0,621.0
2011-07-13 20:00:00,3452.0,478.0
2011-07-13 21:00:00,2950.0,319.0
2011-07-13 22:00:00,3592.0,284.0
2011-07-13 23:00:00,2751.0,172.0
2011-07-14 00:00:00,2195.0,95.0
2011-07-14 01:00:00,1601.0,56.0
2011-07-14 02:00:00,1334.0,43.0
2011-07-14 03:00:00,1258.0,50.0
2011-07-14 04:00:00,1949.0,50.0
2011-07-14 05:00:00,3142.0,157.0
2011-07-14 06:00:00,4392.0,308.0
2011-07-14 07:00:00,4731.0,530.0
2011-07-14 08:00:00,4450.0,539.0
2011-07-14 09:00:00,4424.0,522.0
2011-07-14 10:00:00,4158.0,571.0
2011-07-14 11:00:00,4426.0,610.0
2011-07-14 12:00:00,4244.0,679.0
2011-07-14 13:00:00,4444.0,707.0
2011-07-14 14:00:00,4607.0,746.0
2011-07-14 15:00:00,4716.0,715.0
2011-07-14 16:00:00,4596.0,772.0
2011-07-14 17:00:00,4589.0,802.0
2011-07-14 18:00:00,4528.0,769.0
2011-07-14 19:00:00,4345.0,634.0
2011-07-14 20:00:00,3901.0,540.0
2011-07-14 21:00:00,4193.0,371.0
2011-07-14 22:00:00,3690.0,287.0
2011-07-14 23:00:00,2905.0,209.0
2011-07-15 00:00:00,2611.0,112.0
2011-07-15 01:00:00,1872.0,60.0
2011-07-15 02:00:00,1537.0,49.0
2011-07-15 03:00:00,1483.0,69.0
2011-07-15 04:00:00,2160.0,86.0
2011-07-15 05:00:00,3133.0,160.0
2011-07-15 06:00:00,4479.0,308.0
2011-07-15 07:00:00,4584.0,458.0
2011-07-15 08:00:00,4437.0,549.0
2011-07-15 09:00:00,4464.0,635.0
2011-07-15 10:00:00,4564.0,633.0
2011-07-15 11:00:00,4643.0,673.0
2011-07-15 12:00:00,4617.0,755.0
2011-07-15 13:00:00,4659.0,751.0
2011-07-15 14:00:00,4535.0,815.0
2011-07-15 15:00:00,4746.0,841.0
2011-07-15 16:00:00,4308.0,788.0
2011-07-15 17:00:00,3509.0,810.0
2011-07-15 18:00:00,4648.0,814.0
2011-07-15 19:00:00,4963.0,643.0
2011-07-15 20:00:00,4804.0,542.0
2011-07-15 21:00:00,4508.0,424.0
2011-07-15 22:00:00,4170.0,337.0
2011-07-15 23:00:00,3439.0,283.0
2011-07-16 00:00:00,3285.0,162.0
2011-07-16 01:00:00,2640.0,109.0
2011-07-16 02:00:00,1921.0,74.0
2011-07-16 03:00:00,1728.0,66.0
2011-07-16 04:00:00,1979.0,82.0
2011-07-16 05:00:00,2172.0,113.0
2011-07-16 06:00:00,2762.0,198.0
2011-07-16 07:00:00,3755.0,281.0
2011-07-16 08:00:00,4140.0,447.0
2011-07-16 09:00:00,4520.0,538.0
2011-07-16 10:00:00,4324.0,683.0
2011-07-16 11:00:00,4780.0,817.0
2011-07-16 12:00:00,3643.0,914.0
2011-07-16 13:00:00,4138.0,833.0
2011-07-16 14:00:00,4709.0,788.0
2011-07-16 15:00:00,5065.0,805.0
2011-07-16 16:00:00,4929.0,718.0
2011-07-16 17:00:00,4860.0,652.0
2011-07-16 18:00:00,3951.0,673.0
2011-07-16 19:00:00,4215.0,544.0
2011-07-16 20:00:00,5044.0,480.0
2011-07-16 21:00:00,4819.0,380.0
2011-07-16 22:00:00,4904.0,278.0
2011-07-16 23:00:00,4835.0,231.0
2011-07-17 00:00:00,3557.0,170.0
2011-07-17 01:00:00,2959.0,123.0
2011-07-17 02:00:00,2236.0,61.0
2011-07-17 03:00:00,1891.0,76.0
2011-07-17 04:00:00,2006.0,87.0
2011-07-17 05:00:00,1685.0,86.0
2011-07-17 06:00:00,1894.0,139.0
2011-07-17 07:00:00,2438.0,184.0
2011-07-17 08:00:00,3066.0,284.0
2011-07-17 09:00:00,4064.0,400.0
2011-07-17 10:00:00,4954.0,562.0
2011-07-17 11:00:00,5020.0,596.0
2011-07-17 12:00:00,5062.0,643.0
2011-07-17 13:00:00,4755.0,686.0
2011-07-17 14:00:00,4763.0,706.0
2011-07-17 15:00:00,4656.0,656.0
2011-07-17 16:00:00,4675.0,586.0
2011-07-17 17:00:00,4524.0,535.0
2011-07-17 18:00:00,4695.0,501.0
2011-07-17 19:00:00,5148.0,362.0
2011-07-17 20:00:00,4874.0,331.0
2011-07-17 21:00:00,4979.0,299.0
2011-07-17 22:00:00,4692.0,215.0
2011-07-17 23:00:00,4122.0,166.0
2011-07-18 00:00:00,3331.0,101.0
2011-07-18 01:00:00,1789.0,57.0
2011-07-18 02:00:00,1421.0,48.0
2011-07-18 03:00:00,1347.0,31.0
2011-07-18 04:00:00,1791.0,55.0
2011-07-18 05:00:00,3182.0,163.0
2011-07-18 06:00:00,4319.0,292.0
2011-07-18 07:00:00,4589.0,468.0
2011-07-18 08:00:00,2790.0,496.0
2011-07-18 09:00:00,2733.0,462.0
2011-07-18 10:00:00,2623.0,556.0
2011-07-18 11:00:00,2594.0,604.0
2011-07-18 12:00:00,3209.0,681.0
2011-07-18 13:00:00,4481.0,684.0
2011-07-18 14:00:00,4485.0,709.0
2011-07-18 15:00:00,3802.0,756.0
2011-07-18 16:00:00,3137.0,720.0
2011-07-18 17:00:00,4478.0,714.0
2011-07-18 18:00:00,4293.0,672.0
2011-07-18 19:00:00,4256.0,573.0
2011-07-18 20:00:00,3798.0,409.0
2011-07-18 21:00:00,3619.0,306.0
2011-07-18 22:00:00,2993.0,294.0
2011-07-18 23:00:00,2527.0,255.0
2011-07-19 00:00:00,1914.0,83.0
2011-07-19 01:00:00,1272.0,49.0
2011-07-19 02:00:00,1104.0,40.0
2011-07-19 03:00:00,1066.0,48.0
2011-07-19 04:00:00,1609.0,56.0
2011-07-19 05:00:00,3041.0,149.0
2011-07-19 06:00:00,4506.0,315.0
2011-07-19 07:00:00,4631.0,477.0
2011-07-19 08:00:00,4364.0,507.0
2011-07-19 09:00:00,4224.0,439.0
2011-07-19 10:00:00,3888.0,540.0
2011-07-19 11:00:00,4140.0,596.0
2011-07-19 12:00:00,3989.0,693.0
2011-07-19 13:00:00,4205.0,636.0
2011-07-19 14:00:00,4661.0,734.0
2011-07-19 15:00:00,4459.0,637.0
2011-07-19 16:00:00,4506.0,672.0
2011-07-19 17:00:00,4644.0,701.0
2011-07-19 18:00:00,4587.0,678.0
2011-07-19 19:00:00,4325.0,643.0
2011-07-19 20:00:00,3822.0,423.0
2011-07-19 21:00:00,3633.0,309.0
2011-07-19 22:00:00,3652.0,240.0
2011-07-19 23:00:00,2993.0,159.0
2011-07-20 00:00:00,2112.0,78.0
2011-07-20 01:00:00,1548.0,58.0
2011-07-20 02:00:00,1258.0,48.0
2011-07-20 03:00:00,1256.0,53.0
2011-07-20 04:00:00,1754.0,45.0
2011-07-20 05:00:00,3031.0,146.0
2011-07-20 06:00:00,4494.0,323.0
2011-07-20 07:00:00,4591.0,502.0
2011-07-20 08:00:00,4480.0,541.0
2011-07-20 09:00:00,3526.0,488.0
2011-07-20 10:00:00,4411.0,541.0
2011-07-20 11:00:00,3536.0,617.0
2011-07-20 12:00:00,4300.0,686.0
2011-07-20 13:00:00,3987.0,683.0
2011-07-20 14:00:00,4002.0,706.0
2011-07-20 15:00:00,4114.0,717.0
2011-07-20 16:00:00,4506.0,805.0
2011-07-20 17:00:00,4521.0,767.0
2011-07-20 18:00:00,4249.0,754.0
2011-07-20 19:00:00,3894.0,655.0
2011-07-20 20:00:00,3837.0,477.0
2011-07-20 21:00:00,4035.0,340.0
2011-07-20 22:00:00,3663.0,242.0
2011-07-20 23:00:00,3646.0,184.0
2011-07-21 00:00:00,3590.0,110.0
2011-07-21 01:00:00,2378.0,54.0
2011-07-21 02:00:00,1353.0,47.0
2011-07-21 03:00:00,1331.0,45.0
2011-07-21 04:00:00,1970.0,49.0
2011-07-21 05:00:00,3179.0,150.0
2011-07-21 06:00:00,4224.0,304.0
2011-07-21 07:00:00,4893.0,467.0
2011-07-21 08:00:00,4544.0,532.0
2011-07-21 09:00:00,3738.0,502.0
2011-07-21 10:00:00,4275.0,545.0
2011-07-21 11:00:00,4356.0,593.0
2011-07-21 12:00:00,4420.0,665.0
2011-07-21 13:00:00,4224.0,674.0
2011-07-21 14:00:00,4424.0,797.0
2011-07-21 15:00:00,4481.0,772.0
2011-07-21 16:00:00,4479.0,796.0
2011-07-21 17:00:00,4516.0,788.0
2011-07-21 18:00:00,4465.0,675.0
2011-07-21 19:00:00,4220.0,595.0
2011-07-21 20:00:00,4393.0,461.0
2011-07-21 21:00:00,4052.0,361.0
2011-07-21 22:00:00,3474.0,270.0
2011-07-21 23:00:00,3306.0,206.0
2011-07-22 00:00:00,2626.0,114.0
2011-07-22 01:00:00,1838.0,68.0
2011-07-22 02:00:00,1522.0,44.0
2011-07-22 03:00:00,1511.0,60.0
2011-07-22 04:00:00,2006.0,68.0
2011-07-22 05:00:00,3202.0,158.0
2011-07-22 06:00:00,4321.0,328.0
2011-07-22 07:00:00,4618.0,468.0
2011-07-22 08:00:00,4378.0,545.0
2011-07-22 09:00:00,4351.0,630.0
2011-07-22 10:00:00,4387.0,586.0
2011-07-22 11:00:00,4598.0,712.0
2011-07-22 12:00:00,4346.0,776.0
2011-07-22 13:00:00,4330.0,714.0
2011-07-22 14:00:00,1883.0,863.0
2011-07-22 15:00:00,3379.0,803.0
2011-07-22 16:00:00,4488.0,716.0
2011-07-22 17:00:00,4511.0,784.0
2011-07-22 18:00:00,4380.0,723.0
2011-07-22 19:00:00,4177.0,680.0
2011-07-22 20:00:00,3839.0,527.0
2011-07-22 21:00:00,4103.0,449.0
2011-07-22 22:00:00,4101.0,321.0
2011-07-22 23:00:00,3679.0,251.0
2011-07-23 00:00:00,3117.0,179.0
2011-07-23 01:00:00,2346.0,143.0
2011-07-23 02:00:00,1789.0,81.0
2011-07-23 03:00:00,1704.0,77.0
2011-07-23 04:00:00,2134.0,96.0
2011-07-23 05:00:00,2120.0,97.0
2011-07-23 06:00:00,2756.0,194.0
2011-07-23 07:00:00,3508.0,248.0
2011-07-23 08:00:00,4069.0,446.0
2011-07-23 09:00:00,4418.0,566.0
2011-07-23 10:00:00,4592.0,668.0
2011-07-23 11:00:00,4636.0,757.0
2011-07-23 12:00:00,4771.0,758.0
2011-07-23 13:00:00,3508.0,773.0
2011-07-23 14:00:00,3931.0,836.0
2011-07-23 15:00:00,4664.0,713.0
2011-07-23 16:00:00,4673.0,679.0
2011-07-23 17:00:00,4834.0,670.0
2011-07-23 18:00:00,5066.0,596.0
2011-07-23 19:00:00,4904.0,576.0
2011-07-23 20:00:00,4997.0,508.0
2011-07-23 21:00:00,5073.0,345.0
2011-07-23 22:00:00,4733.0,302.0
2011-07-23 23:00:00,4399.0,199.0
2011-07-24 00:00:00,3718.0,158.0
2011-07-24 01:00:00,2911.0,122.0
2011-07-24 02:00:00,2123.0,111.0
2011-07-24 03:00:00,1841.0,87.0
2011-07-24 04:00:00,1852.0,91.0
2011-07-24 05:00:00,1634.0,85.0
2011-07-24 06:00:00,1866.0,146.0
2011-07-24 07:00:00,2276.0,169.0
2011-07-24 08:00:00,2840.0,240.0
2011-07-24 09:00:00,3878.0,385.0
2011-07-24 10:00:00,4607.0,514.0
2011-07-24 11:00:00,4380.0,594.0
2011-07-24 12:00:00,4836.0,651.0
2011-07-24 13:00:00,4990.0,657.0
2011-07-24 14:00:00,5051.0,673.0
2011-07-24 15:00:00,5001.0,681.0
2011-07-24 16:00:00,5060.0,566.0
2011-07-24 17:00:00,4851.0,513.0
2011-07-24 18:00:00,4579.0,465.0
2011-07-24 19:00:00,4119.0,367.0
2011-07-24 20:00:00,4818.0,301.0
2011-07-24 21:00:00,4875.0,257.0
2011-07-24 22:00:00,4534.0,240.0
2011-07-24 23:00:00,3964.0,151.0
2011-07-25 00:00:00,2735.0,85.0
2011-07-25 01:00:00,1709.0,50.0
2011-07-25 02:00:00,1337.0,54.0
2011-07-25 03:00:00,1376.0,45.0
2011-07-25 04:00:00,1740.0,63.0
2011-07-25 05:00:00,3231.0,124.0
2011-07-25 06:00:00,4540.0,320.0
2011-07-25 07:00:00,4685.0,472.0
2011-07-25 08:00:00,4183.0,506.0
2011-07-25 09:00:00,4303.0,463.0
2011-07-25 10:00:00,4166.0,532.0
2011-07-25 11:00:00,3913.0,631.0
2011-07-25 12:00:00,4051.0,636.0
2011-07-25 13:00:00,4210.0,693.0
2011-07-25 14:00:00,4224.0,773.0
2011-07-25 15:00:00,4275.0,823.0
2011-07-25 16:00:00,4029.0,842.0
2011-07-25 17:00:00,3997.0,793.0
2011-07-25 18:00:00,4542.0,692.0
2011-07-25 19:00:00,4375.0,620.0
2011-07-25 20:00:00,3865.0,348.0
2011-07-25 21:00:00,3517.0,244.0
2011-07-25 22:00:00,3070.0,182.0
2011-07-25 23:00:00,2650.0,128.0
2011-07-26 00:00:00,1973.0,64.0
2011-07-26 01:00:00,1378.0,56.0
2011-07-26 02:00:00,1163.0,43.0
2011-07-26 03:00:00,1170.0,62.0
2011-07-26 04:00:00,1716.0,61.0
2011-07-26 05:00:00,2933.0,140.0
2011-07-26 06:00:00,4482.0,293.0
2011-07-26 07:00:00,4741.0,485.0
2011-07-26 08:00:00,4501.0,501.0
2011-07-26 09:00:00,4262.0,537.0
2011-07-26 10:00:00,4114.0,497.0
2011-07-26 11:00:00,4051.0,565.0
2011-07-26 12:00:00,4059.0,640.0
2011-07-26 13:00:00,4176.0,708.0
2011-07-26 14:00:00,4273.0,688.0
2011-07-26 15:00:00,4659.0,736.0
2011-07-26 16:00:00,4192.0,766.0
2011-07-26 17:00:00,4238.0,789.0
2011-07-26 18:00:00,4533.0,677.0
2011-07-26 19:00:00,3519.0,579.0
2011-07-26 20:00:00,3594.0,446.0
2011-07-26 21:00:00,3843.0,487.0
2011-07-26 22:00:00,3318.0,377.0
2011-07-26 23:00:00,2557.0,212.0
2011-07-27 00:00:00,2011.0,87.0
2011-07-27 01:00:00,1620.0,53.0
2011-07-27 02:00:00,1238.0,42.0
2011-07-27 03:00:00,1316.0,41.0
2011-07-27 04:00:00,1679.0,57.0
2011-07-27 05:00:00,3010.0,157.0
2011-07-27 06:00:00,4370.0,277.0
2011-07-27 07:00:00,4425.0,512.0
2011-07-27 08:00:00,4025.0,525.0
2011-07-27 09:00:00,4204.0,500.0
2011-07-27 10:00:00,3907.0,523.0
2011-07-27 11:00:00,3322.0,621.0
2011-07-27 12:00:00,3670.0,618.0
2011-07-27 13:00:00,4430.0,662.0
2011-07-27 14:00:00,4028.0,686.0
2011-07-27 15:00:00,4588.0,677.0
2011-07-27 16:00:00,3396.0,696.0
2011-07-27 17:00:00,4435.0,696.0
2011-07-27 18:00:00,3012.0,635.0
2011-07-27 19:00:00,1962.0,658.0
2011-07-27 20:00:00,4578.0,450.0
2011-07-27 21:00:00,4124.0,351.0
2011-07-27 22:00:00,3494.0,233.0
2011-07-27 23:00:00,2993.0,148.0
2011-07-28 00:00:00,2679.0,84.0
2011-07-28 01:00:00,1649.0,61.0
2011-07-28 02:00:00,1375.0,38.0
2011-07-28 03:00:00,1407.0,50.0
2011-07-28 04:00:00,1893.0,51.0
2011-07-28 05:00:00,3203.0,143.0
2011-07-28 06:00:00,4450.0,320.0
2011-07-28 07:00:00,4843.0,448.0
2011-07-28 08:00:00,4395.0,567.0
2011-07-28 09:00:00,4040.0,556.0
2011-07-28 10:00:00,4118.0,564.0
2011-07-28 11:00:00,4184.0,596.0
2011-07-28 12:00:00,4103.0,641.0
2011-07-28 13:00:00,4114.0,720.0
2011-07-28 14:00:00,4358.0,820.0
2011-07-28 15:00:00,4590.0,838.0
2011-07-28 16:00:00,4617.0,795.0
2011-07-28 17:00:00,4553.0,793.0
2011-07-28 18:00:00,4487.0,702.0
2011-07-28 19:00:00,4256.0,603.0
2011-07-28 20:00:00,4203.0,454.0
2011-07-28 21:00:00,4113.0,365.0
2011-07-28 22:00:00,3317.0,277.0
2011-07-28 23:00:00,2556.0,177.0
2011-07-29 00:00:00,2134.0,122.0
2011-07-29 01:00:00,1239.0,75.0
2011-07-29 02:00:00,1224.0,44.0
2011-07-29 03:00:00,1561.0,55.0
2011-07-29 04:00:00,1962.0,110.0
2011-07-29 05:00:00,2871.0,312.0
2011-07-29 06:00:00,4196.0,394.0
2011-07-29 07:00:00,4533.0,497.0
2011-07-29 08:00:00,4234.0,525.0
2011-07-29 09:00:00,4292.0,510.0
2011-07-29 10:00:00,3949.0,577.0
2011-07-29 11:00:00,4036.0,668.0
2011-07-29 12:00:00,3987.0,726.0
2011-07-29 13:00:00,4459.0,858.0
2011-07-29 14:00:00,3207.0,870.0
2011-07-29 15:00:00,2912.0,934.0
2011-07-29 16:00:00,4425.0,804.0
2011-07-29 17:00:00,4285.0,768.0
2011-07-29 18:00:00,4380.0,778.0
2011-07-29 19:00:00,4202.0,700.0
2011-07-29 20:00:00,4388.0,597.0
2011-07-29 21:00:00,4252.0,359.0
2011-07-29 22:00:00,3434.0,306.0
2011-07-29 23:00:00,3228.0,177.0
2011-07-30 00:00:00,2941.0,147.0
2011-07-30 01:00:00,2250.0,97.0
2011-07-30 02:00:00,1819.0,76.0
2011-07-30 03:00:00,1655.0,51.0
2011-07-30 04:00:00,1984.0,74.0
2011-07-30 05:00:00,2118.0,85.0
2011-07-30 06:00:00,2861.0,189.0
2011-07-30 07:00:00,3447.0,292.0
2011-07-30 08:00:00,4110.0,419.0
2011-07-30 09:00:00,4379.0,554.0
2011-07-30 10:00:00,4514.0,670.0
2011-07-30 11:00:00,4411.0,781.0
2011-07-30 12:00:00,4796.0,933.0
2011-07-30 13:00:00,4650.0,862.0
2011-07-30 14:00:00,4563.0,868.0
2011-07-30 15:00:00,4613.0,832.0
2011-07-30 16:00:00,4677.0,740.0
2011-07-30 17:00:00,4645.0,673.0
2011-07-30 18:00:00,4708.0,613.0
2011-07-30 19:00:00,4876.0,589.0
2011-07-30 20:00:00,4516.0,470.0
2011-07-30 21:00:00,4332.0,358.0
2011-07-30 22:00:00,4986.0,329.0
2011-07-30 23:00:00,4235.0,236.0
2011-07-31 00:00:00,3842.0,227.0
2011-07-31 01:00:00,2916.0,148.0
2011-07-31 02:00:00,2289.0,111.0
2011-07-31 03:00:00,1897.0,98.0
2011-07-31 04:00:00,1875.0,77.0
2011-07-31 05:00:00,1645.0,80.0
2011-07-31 06:00:00,1925.0,145.0
2011-07-31 07:00:00,2348.0,195.0
2011-07-31 08:00:00,3041.0,256.0
2011-07-31 09:00:00,3874.0,398.0
2011-07-31 10:00:00,4573.0,524.0
2011-07-31 11:00:00,4331.0,610.0
2011-07-31 12:00:00,4632.0,625.0
2011-07-31 13:00:00,4773.0,661.0
2011-07-31 14:00:00,4448.0,748.0
2011-07-31 15:00:00,5014.0,682.0
2011-07-31 16:00:00,4804.0,555.0
2011-07-31 17:00:00,4752.0,519.0
2011-07-31 18:00:00,4811.0,461.0
2011-07-31 19:00:00,5180.0,367.0
2011-07-31 20:00:00,5003.0,290.0
2011-07-31 21:00:00,5010.0,252.0
2011-07-31 22:00:00,4771.0,192.0
2011-07-31 23:00:00,4163.0,156.0
2011-08-01 00:00:00,3180.0,83.0
2011-08-01 01:00:00,1756.0,61.0
2011-08-01 02:00:00,1372.0,39.0
2011-08-01 03:00:00,1322.0,36.0
2011-08-01 04:00:00,1908.0,51.0
2011-08-01 05:00:00,3167.0,118.0
2011-08-01 06:00:00,3942.0,305.0
2011-08-01 07:00:00,4375.0,458.0
2011-08-01 08:00:00,4322.0,508.0
2011-08-01 09:00:00,4031.0,528.0
2011-08-01 10:00:00,4092.0,893.0
2011-08-01 11:00:00,4111.0,612.0
2011-08-01 12:00:00,3966.0,666.0
2011-08-01 13:00:00,4206.0,672.0
2011-08-01 14:00:00,4390.0,767.0
2011-08-01 15:00:00,4377.0,856.0
2011-08-01 16:00:00,4624.0,823.0
2011-08-01 17:00:00,4596.0,710.0
2011-08-01 18:00:00,3153.0,677.0
2011-08-01 19:00:00,3561.0,614.0
2011-08-01 20:00:00,3804.0,453.0
2011-08-01 21:00:00,3430.0,290.0
2011-08-01 22:00:00,3142.0,207.0
2011-08-01 23:00:00,2557.0,142.0
2011-08-02 00:00:00,2044.0,74.0
2011-08-02 01:00:00,1414.0,51.0
2011-08-02 02:00:00,1237.0,37.0
2011-08-02 03:00:00,1304.0,44.0
2011-08-02 04:00:00,1817.0,47.0
2011-08-02 05:00:00,2940.0,137.0
2011-08-02 06:00:00,4361.0,315.0
2011-08-02 07:00:00,4608.0,529.0
2011-08-02 08:00:00,3569.0,536.0
2011-08-02 09:00:00,4156.0,481.0
2011-08-02 10:00:00,4099.0,522.0
2011-08-02 11:00:00,4088.0,600.0
2011-08-02 12:00:00,4143.0,658.0
2011-08-02 13:00:00,3897.0,668.0
2011-08-02 14:00:00,4307.0,699.0
2011-08-02 15:00:00,4637.0,706.0
2011-08-02 16:00:00,4494.0,737.0
2011-08-02 17:00:00,4670.0,756.0
2011-08-02 18:00:00,4321.0,680.0
2011-08-02 19:00:00,4069.0,568.0
2011-08-02 20:00:00,3918.0,449.0
2011-08-02 21:00:00,3978.0,340.0
2011-08-02 22:00:00,3304.0,231.0
2011-08-02 23:00:00,2772.0,162.0
2011-08-03 00:00:00,2127.0,91.0
2011-08-03 01:00:00,1521.0,44.0
2011-08-03 02:00:00,1234.0,34.0
2011-08-03 03:00:00,1291.0,51.0
2011-08-03 04:00:00,1798.0,53.0
2011-08-03 05:00:00,3037.0,123.0
2011-08-03 06:00:00,4485.0,303.0
2011-08-03 07:00:00,4725.0,462.0
2011-08-03 08:00:00,3749.0,532.0
2011-08-03 09:00:00,4300.0,498.0
2011-08-03 10:00:00,4080.0,573.0
2011-08-03 11:00:00,4102.0,612.0
2011-08-03 12:00:00,4236.0,671.0
2011-08-03 13:00:00,4337.0,709.0
2011-08-03 14:00:00,4247.0,751.0
2011-08-03 15:00:00,4556.0,815.0
2011-08-03 16:00:00,4573.0,704.0
2011-08-03 17:00:00,4059.0,791.0
2011-08-03 18:00:00,4105.0,709.0
2011-08-03 19:00:00,3935.0,545.0
2011-08-03 20:00:00,3234.0,451.0
2011-08-03 21:00:00,3319.0,373.0
2011-08-03 22:00:00,2837.0,330.0
2011-08-03 23:00:00,2443.0,270.0
2011-08-04 00:00:00,1891.0,85.0
2011-08-04 01:00:00,1451.0,52.0
2011-08-04 02:00:00,1171.0,33.0
2011-08-04 03:00:00,1326.0,47.0
2011-08-04 04:00:00,1775.0,54.0
2011-08-04 05:00:00,2430.0,127.0
2011-08-04 06:00:00,4345.0,320.0
2011-08-04 07:00:00,4213.0,492.0
2011-08-04 08:00:00,4576.0,509.0
2011-08-04 09:00:00,4199.0,497.0
2011-08-04 10:00:00,3805.0,549.0
2011-08-04 11:00:00,4317.0,630.0
2011-08-04 12:00:00,4173.0,676.0
2011-08-04 13:00:00,4132.0,786.0
2011-08-04 14:00:00,4393.0,925.0
2011-08-04 15:00:00,4357.0,862.0
2011-08-04 16:00:00,4508.0,818.0
2011-08-04 17:00:00,4504.0,804.0
2011-08-04 18:00:00,4311.0,745.0
2011-08-04 19:00:00,4531.0,657.0
2011-08-04 20:00:00,4365.0,528.0
2011-08-04 21:00:00,4292.0,317.0
2011-08-04 22:00:00,3523.0,253.0
2011-08-04 23:00:00,2977.0,193.0
2011-08-05 00:00:00,2293.0,129.0
2011-08-05 01:00:00,1806.0,78.0
2011-08-05 02:00:00,1604.0,64.0
2011-08-05 03:00:00,1599.0,53.0
2011-08-05 04:00:00,2100.0,77.0
2011-08-05 05:00:00,3163.0,132.0
2011-08-05 06:00:00,4441.0,324.0
2011-08-05 07:00:00,4615.0,462.0
2011-08-05 08:00:00,4116.0,550.0
2011-08-05 09:00:00,4373.0,546.0
2011-08-05 10:00:00,4117.0,655.0
2011-08-05 11:00:00,3259.0,732.0
2011-08-05 12:00:00,4174.0,790.0
2011-08-05 13:00:00,3848.0,918.0
2011-08-05 14:00:00,4116.0,883.0
2011-08-05 15:00:00,4418.0,872.0
2011-08-05 16:00:00,4422.0,791.0
2011-08-05 17:00:00,4347.0,767.0
2011-08-05 18:00:00,4580.0,816.0
2011-08-05 19:00:00,4579.0,728.0
2011-08-05 20:00:00,4463.0,559.0
2011-08-05 21:00:00,4394.0,402.0
2011-08-05 22:00:00,3958.0,274.0
2011-08-05 23:00:00,3716.0,223.0
2011-08-06 00:00:00,3019.0,150.0
2011-08-06 01:00:00,2232.0,123.0
2011-08-06 02:00:00,1937.0,81.0
2011-08-06 03:00:00,1890.0,80.0
2011-08-06 04:00:00,2200.0,74.0
2011-08-06 05:00:00,2234.0,86.0
2011-08-06 06:00:00,2839.0,174.0
2011-08-06 07:00:00,3460.0,259.0
2011-08-06 08:00:00,3974.0,392.0
2011-08-06 09:00:00,4710.0,579.0
2011-08-06 10:00:00,5054.0,656.0
2011-08-06 11:00:00,5056.0,804.0
2011-08-06 12:00:00,3604.0,849.0
2011-08-06 13:00:00,2439.0,851.0
2011-08-06 14:00:00,3786.0,835.0
2011-08-06 15:00:00,4401.0,782.0
2011-08-06 16:00:00,4878.0,708.0
2011-08-06 17:00:00,4992.0,678.0
2011-08-06 18:00:00,4626.0,609.0
2011-08-06 19:00:00,4494.0,583.0
2011-08-06 20:00:00,4538.0,544.0
2011-08-06 21:00:00,4927.0,306.0
2011-08-06 22:00:00,4376.0,244.0
2011-08-06 23:00:00,4016.0,309.0
2011-08-07 00:00:00,3122.0,251.0
2011-08-07 01:00:00,2428.0,196.0
2011-08-07 02:00:00,1943.0,130.0
2011-08-07 03:00:00,1596.0,82.0
2011-08-07 04:00:00,1442.0,88.0
2011-08-07 05:00:00,1317.0,171.0
2011-08-07 06:00:00,1703.0,152.0
2011-08-07 07:00:00,2096.0,208.0
2011-08-07 08:00:00,2631.0,280.0
2011-08-07 09:00:00,3348.0,350.0
2011-08-07 10:00:00,4320.0,470.0
2011-08-07 11:00:00,4805.0,591.0
2011-08-07 12:00:00,4944.0,636.0
2011-08-07 13:00:00,4224.0,705.0
2011-08-07 14:00:00,3041.0,703.0
2011-08-07 15:00:00,4808.0,699.0
2011-08-07 16:00:00,4907.0,652.0
2011-08-07 17:00:00,4857.0,543.0
2011-08-07 18:00:00,5006.0,469.0
2011-08-07 19:00:00,5130.0,393.0
2011-08-07 20:00:00,4645.0,307.0
2011-08-07 21:00:00,4545.0,355.0
2011-08-07 22:00:00,4464.0,259.0
2011-08-07 23:00:00,3354.0,161.0
2011-08-08 00:00:00,2457.0,88.0
2011-08-08 01:00:00,1694.0,46.0
2011-08-08 02:00:00,1277.0,41.0
2011-08-08 03:00:00,1320.0,27.0
2011-08-08 04:00:00,1853.0,55.0
2011-08-08 05:00:00,3069.0,123.0
2011-08-08 06:00:00,4333.0,309.0
2011-08-08 07:00:00,4522.0,448.0
2011-08-08 08:00:00,4454.0,461.0
2011-08-08 09:00:00,4016.0,439.0
2011-08-08 10:00:00,4044.0,532.0
2011-08-08 11:00:00,3513.0,662.0
2011-08-08 12:00:00,3271.0,743.0
2011-08-08 13:00:00,3378.0,759.0
2011-08-08 14:00:00,4088.0,865.0
2011-08-08 15:00:00,4085.0,753.0
2011-08-08 16:00:00,3604.0,796.0
2011-08-08 17:00:00,4488.0,771.0
2011-08-08 18:00:00,4071.0,751.0
2011-08-08 19:00:00,3691.0,662.0
2011-08-08 20:00:00,3683.0,460.0
2011-08-08 21:00:00,3508.0,320.0
2011-08-08 22:00:00,2870.0,202.0
2011-08-08 23:00:00,2492.0,137.0
2011-08-09 00:00:00,2061.0,108.0
2011-08-09 01:00:00,1457.0,45.0
2011-08-09 02:00:00,893.0,39.0
2011-08-09 03:00:00,1206.0,46.0
2011-08-09 04:00:00,1763.0,52.0
2011-08-09 05:00:00,2908.0,151.0
2011-08-09 06:00:00,4339.0,290.0
2011-08-09 07:00:00,4542.0,457.0
2011-08-09 08:00:00,4302.0,514.0
2011-08-09 09:00:00,3961.0,529.0
2011-08-09 10:00:00,3571.0,604.0
2011-08-09 11:00:00,3677.0,629.0
2011-08-09 12:00:00,3854.0,687.0
2011-08-09 13:00:00,3794.0,702.0
2011-08-09 14:00:00,3918.0,776.0
2011-08-09 15:00:00,3921.0,775.0
2011-08-09 16:00:00,3619.0,671.0
2011-08-09 17:00:00,3817.0,727.0
2011-08-09 18:00:00,4484.0,723.0
2011-08-09 19:00:00,4218.0,523.0
2011-08-09 20:00:00,3498.0,393.0
2011-08-09 21:00:00,3346.0,261.0
2011-08-09 22:00:00,2986.0,203.0
2011-08-09 23:00:00,2746.0,162.0
2011-08-10 00:00:00,1955.0,71.0
2011-08-10 01:00:00,1400.0,57.0
2011-08-10 02:00:00,1114.0,37.0
2011-08-10 03:00:00,1245.0,53.0
2011-08-10 04:00:00,1675.0,49.0
2011-08-10 05:00:00,2913.0,135.0
2011-08-10 06:00:00,4291.0,296.0
2011-08-10 07:00:00,4474.0,479.0
2011-08-10 08:00:00,4220.0,509.0
2011-08-10 09:00:00,3086.0,487.0
2011-08-10 10:00:00,4057.0,564.0
2011-08-10 11:00:00,3928.0,707.0
2011-08-10 12:00:00,4011.0,725.0
2011-08-10 13:00:00,3781.0,712.0
2011-08-10 14:00:00,1589.0,750.0
2011-08-10 15:00:00,2426.0,770.0
2011-08-10 16:00:00,4387.0,790.0
2011-08-10 17:00:00,4437.0,758.0
2011-08-10 18:00:00,3735.0,710.0
2011-08-10 19:00:00,4719.0,594.0
2011-08-10 20:00:00,4194.0,504.0
2011-08-10 21:00:00,3768.0,331.0
2011-08-10 22:00:00,3359.0,255.0
2011-08-10 23:00:00,2626.0,157.0
