timestamp,kw_energy_consumption,prediction
2011-01-01 00:00:00,129.0,129.0
2011-01-01 01:00:00,76.0,76.0
2011-01-01 02:00:00,56.0,76.0
2011-01-01 03:00:00,43.0,70.0
2011-01-01 04:00:00,31.0,43.0
2011-01-01 05:00:00,57.0,39.4
2011-01-01 06:00:00,102.0,66.1
2011-01-01 07:00:00,218.0,39.4
2011-01-01 08:00:00,195.0,218.0
2011-01-01 09:00:00,257.0,211.1
2011-01-01 10:00:00,348.0,211.1
2011-01-01 11:00:00,483.0,483.0
2011-01-01 12:00:00,514.0,514.0
2011-01-01 13:00:00,530.0,492.29999999999995
2011-01-01 14:00:00,551.0,530.0
2011-01-01 15:00:00,669.0,536.3
2011-01-01 16:00:00,533.0,536.3
2011-01-01 17:00:00,554.0,535.31
2011-01-01 18:00:00,433.0,540.9169999999999
2011-01-01 19:00:00,316.0,348.0
2011-01-01 20:00:00,249.0,348.0
2011-01-01 21:00:00,253.0,254.59999999999997
2011-01-01 22:00:00,160.0,254.11999999999995
2011-01-01 23:00:00,124.0,66.1
2011-01-02 00:00:00,75.0,66.1
2011-01-02 01:00:00,46.0,68.77
2011-01-02 02:00:00,20.0,61.93899999999999
2011-01-02 03:00:00,47.0,33.58
2011-01-02 04:00:00,33.0,57.4573
2011-01-02 05:00:00,50.0,33.406
2011-01-02 06:00:00,173.0,211.1
2011-01-02 07:00:00,279.0,211.1
2011-01-02 08:00:00,289.0,261.58399999999995
2011-01-02 09:00:00,348.0,307.9
2011-01-02 10:00:00,427.0,492.29999999999995
2011-01-02 11:00:00,522.0,492.29999999999995
2011-01-02 12:00:00,572.0,540.9169999999999
2011-01-02 13:00:00,708.0,572.0
2011-01-02 14:00:00,785.0,785.0
2011-01-02 15:00:00,795.0,540.9169999999999
2011-01-02 16:00:00,690.0,788.0
2011-01-02 17:00:00,609.0,431.19999999999993
2011-01-02 18:00:00,526.0,583.0999999999999
2011-01-02 19:00:00,410.0,431.19999999999993
2011-01-02 20:00:00,383.0,431.19999999999993
2011-01-02 21:00:00,199.0,163.9
2011-01-02 22:00:00,146.0,55.22011
2011-01-02 23:00:00,103.0,55.22011
2011-01-03 00:00:00,98.0,55.22011
2011-01-03 01:00:00,52.0,33.406
2011-01-03 02:00:00,30.0,54.254076999999995
2011-01-03 03:00:00,34.0,34.0
2011-01-03 04:00:00,73.0,73.0
2011-01-03 05:00:00,147.0,147.0
2011-01-03 06:00:00,298.0,298.0
2011-01-03 07:00:00,442.0,442.0
2011-01-03 08:00:00,416.0,416.0
2011-01-03 09:00:00,439.0,439.0
2011-01-03 10:00:00,460.0,460.0
2011-01-03 11:00:00,542.0,542.0
2011-01-03 12:00:00,587.0,587.0
2011-01-03 13:00:00,677.0,677.0
2011-01-03 14:00:00,774.0,774.0
2011-01-03 15:00:00,848.0,848.0
2011-01-03 16:00:00,943.0,943.0
2011-01-03 17:00:00,763.0,763.0
2011-01-03 18:00:00,571.0,571.0
2011-01-03 19:00:00,415.0,415.0
2011-01-03 20:00:00,294.0,294.0
2011-01-03 21:00:00,249.0,249.0
2011-01-03 22:00:00,172.0,172.0
2011-01-03 23:00:00,142.0,142.0
2011-01-04 00:00:00,82.0,82.0
2011-01-04 01:00:00,62.0,62.0
2011-01-04 02:00:00,50.0,50.0
2011-01-04 03:00:00,46.0,46.0
2011-01-04 04:00:00,68.0,68.0
2011-01-04 05:00:00,143.0,143.0
2011-01-04 06:00:00,289.0,443.06559999999996
2011-01-04 07:00:00,470.0,408.791
2011-01-04 08:00:00,473.0,451.14591999999993
2011-01-04 09:00:00,451.0,457.702144
2011-01-04 10:00:00,445.0,538.1093299999999
2011-01-04 11:00:00,467.0,452.48405055999996
2011-01-04 12:00:00,562.0,681.5429999999999
2011-01-04 13:00:00,583.0,681.5429999999999
2011-01-04 14:00:00,652.0,848.0
2011-01-04 15:00:00,691.0,545.2765309999999
2011-01-04 16:00:00,856.0,777.56
2011-01-04 17:00:00,784.0,581.1022999999999
2011-01-04 18:00:00,507.0,408.791
2011-01-04 19:00:00,373.0,297.85569999999996
2011-01-04 20:00:00,278.0,257.80879999999996
2011-01-04 21:00:00,219.0,151.19335299999997
2011-01-04 22:00:00,155.0,151.19335299999997
2011-01-04 23:00:00,123.0,59.75993090497298
2011-01-05 00:00:00,87.0,59.75993090497298
2011-01-05 01:00:00,45.0,67.93195163348108
2011-01-05 02:00:00,45.0,61.05236614343675
2011-01-05 03:00:00,51.0,56.23665630040572
2011-01-05 04:00:00,74.0,152.33534709999998
2011-01-05 05:00:00,118.0,297.85569999999996
2011-01-05 06:00:00,286.0,456.83883539199996
2011-01-05 07:00:00,467.0,456.83883539199996
2011-01-05 08:00:00,521.0,459.8871847744
2011-01-05 09:00:00,539.0,459.8871847744
2011-01-05 10:00:00,481.0,459.8871847744
2011-01-05 11:00:00,526.0,543.3935716999999
2011-01-05 12:00:00,533.0,538.1755001899999
2011-01-05 13:00:00,638.0,536.6228501329999
2011-01-05 14:00:00,633.0,536.6228501329999
2011-01-05 15:00:00,828.0,943.0
2011-01-05 16:00:00,851.0,779.492
2011-01-05 17:00:00,715.0,500.1540299999998
2011-01-05 18:00:00,503.0,536.6228501329999
2011-01-05 19:00:00,409.0,263.86616
2011-01-05 20:00:00,349.0,210.92899999999997
2011-01-05 21:00:00,264.0,152.33534709999998
2011-01-05 22:00:00,157.0,115.48608299999998
2011-01-05 23:00:00,138.0,60.46596158719879
2011-01-06 00:00:00,78.0,60.46596158719879
2011-01-06 01:00:00,53.0,65.72617311103915
2011-01-06 02:00:00,57.0,61.908321177727395
2011-01-06 03:00:00,54.0,60.43582482440917
2011-01-06 04:00:00,77.0,58.50507737708641
2011-01-06 05:00:00,122.0,64.05355416396048
2011-01-06 06:00:00,272.0,459.8871847744
2011-01-06 07:00:00,501.0,501.0078209999998
2011-01-06 08:00:00,432.0,459.8871847744
2011-01-06 09:00:00,443.0,451.52102934207994
2011-01-06 10:00:00,436.0,448.9647205394559
2011-01-06 11:00:00,477.0,445.0753043776191
2011-01-06 12:00:00,519.0,445.0753043776191
2011-01-06 13:00:00,627.0,643.3599999999999
2011-01-06 14:00:00,755.0,845.8759999999997
2011-01-06 15:00:00,842.0,845.8759999999997
2011-01-06 16:00:00,846.0,779.492
2011-01-06 17:00:00,832.0,501.3626826029998
2011-01-06 18:00:00,624.0,408.85369999999995
2011-01-06 19:00:00,499.0,445.0753043776191
2011-01-06 20:00:00,381.0,266.33441839999995
2011-01-06 21:00:00,314.0,153.73474296999999
2011-01-06 22:00:00,228.0,122.16818066999997
2011-01-06 23:00:00,164.0,64.05355416396048
2011-01-07 00:00:00,118.0,64.05355416396048
2011-01-07 01:00:00,81.0,64.05355416396048
2011-01-07 02:00:00,81.0,69.13748791477234
2011-01-07 03:00:00,67.0,72.69624154034064
2011-01-07 04:00:00,93.0,70.98736907823844
2011-01-07 05:00:00,138.0,70.98736907823844
2011-01-07 06:00:00,283.0,445.0753043776191
2011-01-07 07:00:00,464.0,445.0753043776191
2011-01-07 08:00:00,404.0,450.7527130643333
2011-01-07 09:00:00,481.0,450.7527130643333
2011-01-07 10:00:00,458.0,494.7577144754698
2011-01-07 11:00:00,482.0,494.7577144754698
2011-01-07 12:00:00,488.0,490.9304001328288
2011-01-07 13:00:00,581.0,490.05128009298016
2011-01-07 14:00:00,619.0,684.3800999999999
2011-01-07 15:00:00,938.0,841.1694679999998
2011-01-07 16:00:00,829.0,841.1694679999998
2011-01-07 17:00:00,875.0,837.5186275999997
2011-01-07 18:00:00,556.0,490.05128009298016
2011-01-07 19:00:00,626.0,490.05128009298016
2011-01-07 20:00:00,525.0,490.05128009298016
2011-01-07 21:00:00,290.0,156.81432007899997
2011-01-07 22:00:00,351.0,156.81432007899997
2011-01-07 23:00:00,201.0,70.98736907823844
2011-01-08 00:00:00,163.0,70.98736907823844
2011-01-08 01:00:00,88.0,70.98736907823844
2011-01-08 02:00:00,68.0,76.0911583547669
2011-01-08 03:00:00,45.0,73.66381084833682
2011-01-08 04:00:00,75.0,65.06466759383576
2011-01-08 05:00:00,103.0,68.04526731568504
2011-01-08 06:00:00,214.0,271.33409287999996
2011-01-08 07:00:00,546.0,537.2051965651699
2011-01-08 08:00:00,555.0,539.8436375956189
2011-01-08 09:00:00,458.0,452.9268991450333
2011-01-08 10:00:00,431.0,490.05128009298016
2011-01-08 11:00:00,450.0,490.05128009298016
2011-01-08 12:00:00,427.0,490.05128009298016
2011-01-08 13:00:00,430.0,441.83294848472246
2011-01-08 14:00:00,477.0,438.2830639393057
2011-01-08 15:00:00,497.0,544.3905463169333
2011-01-08 16:00:00,457.0,438.2830639393057
2011-01-08 17:00:00,454.0,443.89814475751393
2011-01-08 18:00:00,364.0,297.14650509999996
2011-01-08 19:00:00,297.0,271.33409287999996
2011-01-08 20:00:00,240.0,271.33409287999996
2011-01-08 21:00:00,213.0,158.67002405529996
2011-01-08 22:00:00,183.0,115.02578017886697
2011-01-08 23:00:00,114.0,68.04526731568504
2011-01-09 00:00:00,77.0,68.04526731568504
2011-01-09 01:00:00,57.0,70.73168712097952
2011-01-09 02:00:00,40.0,66.61218098468565
2011-01-09 03:00:00,41.0,66.61218098468565
2011-01-09 04:00:00,43.0,36.8057806
2011-01-09 05:00:00,71.0,66.61218098468565
2011-01-09 06:00:00,180.0,261.93386501599997
2011-01-09 07:00:00,459.0,401.54831299999995
2011-01-09 08:00:00,514.0,401.54831299999995
2011-01-09 09:00:00,432.0,450.5500909311818
2011-01-09 10:00:00,438.0,496.7765890718921
2011-01-09 11:00:00,486.0,496.7765890718921
2011-01-09 12:00:00,489.0,684.3800999999999
2011-01-09 13:00:00,531.0,684.3800999999999
2011-01-09 14:00:00,569.0,779.492
2011-01-09 15:00:00,633.0,684.3800999999999
2011-01-09 16:00:00,564.0,581.0716099999999
2011-01-09 17:00:00,493.0,553.472957386708
2011-01-09 18:00:00,400.0,401.54831299999995
2011-01-09 19:00:00,327.0,401.08381909999997
2011-01-09 20:00:00,240.0,212.49225289999995
2011-01-09 21:00:00,135.0,170.17831178709696
2011-01-09 22:00:00,110.0,120.8026322876448
2011-01-09 23:00:00,89.0,117.56184260135136
2011-01-10 00:00:00,54.0,38.66404642
2011-01-10 01:00:00,65.0,38.66404642
2011-01-10 02:00:00,34.0,38.66404642
2011-01-10 03:00:00,34.0,67.22248465442301
2011-01-10 04:00:00,65.0,170.17831178709696
2011-01-10 05:00:00,123.0,306.0717874989999
2011-01-10 06:00:00,274.0,442.889544556279
2011-01-10 07:00:00,455.0,442.889544556279
2011-01-10 08:00:00,457.0,446.5226811893953
2011-01-10 09:00:00,420.0,449.6658768325767
2011-01-10 10:00:00,397.0,553.472957386708
2011-01-10 11:00:00,435.0,553.472957386708
2011-01-10 12:00:00,461.0,581.0716099999999
2011-01-10 13:00:00,495.0,449.98627964796253
2011-01-10 14:00:00,634.0,837.5186275999997
2011-01-10 15:00:00,726.0,941.4999999999999
2011-01-10 16:00:00,732.0,941.4999999999999
2011-01-10 17:00:00,666.0,581.0716099999999
2011-01-10 18:00:00,461.0,403.8310713589999
2011-01-10 19:00:00,469.0,306.0717874989999
2011-01-10 20:00:00,307.0,260.94759385784
2011-01-10 21:00:00,234.0,170.17831178709696
2011-01-10 22:00:00,132.0,170.17831178709696
2011-01-10 23:00:00,121.0,66.55573925809611
2011-01-11 00:00:00,54.0,66.55573925809611
2011-01-11 01:00:00,47.0,62.78901748066727
2011-01-11 02:00:00,39.0,58.05231223646709
2011-01-11 03:00:00,40.0,58.05231223646709
2011-01-11 04:00:00,80.0,170.17831178709696
2011-01-11 05:00:00,130.0,306.35025124929996
2011-01-11 06:00:00,300.0,458.0032770275016
2011-01-11 07:00:00,497.0,458.0032770275016
2011-01-11 08:00:00,517.0,458.0032770275016
2011-01-11 09:00:00,409.0,458.0032770275016
2011-01-11 10:00:00,452.0,458.0032770275016
2011-01-11 11:00:00,386.0,456.20229391925113
2011-01-11 12:00:00,474.0,456.20229391925113
2011-01-11 13:00:00,531.0,631.0984476399999
2011-01-11 14:00:00,645.0,837.5186275999997
2011-01-11 15:00:00,773.0,837.5186275999997
2011-01-11 16:00:00,789.0,777.5443999999999
2011-01-11 17:00:00,749.0,501.13724492771894
2011-01-11 18:00:00,556.0,399.56722496590993
2011-01-11 19:00:00,373.0,304.44517587450997
2011-01-11 20:00:00,322.0,218.94457702999995
2011-01-11 21:00:00,222.0,170.17831178709696
2011-01-11 22:00:00,152.0,124.69729840858446
2011-01-11 23:00:00,137.0,64.63661856552696
2011-01-12 00:00:00,71.0,64.63661856552696
2011-01-12 01:00:00,81.0,66.54563299586887
2011-01-12 02:00:00,44.0,70.8819430971082
2011-01-12 03:00:00,56.0,62.817360167975735
2011-01-12 04:00:00,78.0,128.38810888600912
2011-01-12 05:00:00,105.0,309.711623112157
2011-01-12 06:00:00,210.0,461.54160574347577
2011-01-12 07:00:00,303.0,461.54160574347577
2011-01-12 08:00:00,282.0,461.54160574347577
2011-01-12 09:00:00,280.0,461.54160574347577
2011-01-12 10:00:00,215.0,65.94050648230811
2011-01-12 11:00:00,223.0,65.94050648230811
2011-01-12 12:00:00,208.0,65.94050648230811
2011-01-12 13:00:00,210.0,215.23267506143205
2011-01-12 14:00:00,284.0,213.66287254300244
2011-01-12 15:00:00,384.0,213.66287254300244
2011-01-12 16:00:00,367.0,549.5117491194869
2011-01-12 17:00:00,390.0,549.5117491194869
2011-01-12 18:00:00,278.0,300.5886953249569
2011-01-12 19:00:00,208.0,300.5886953249569
2011-01-12 20:00:00,143.0,65.94050648230811
2011-01-12 21:00:00,129.0,158.2073727756775
2011-01-12 22:00:00,110.0,123.66017335414446
2011-01-12 23:00:00,91.0,65.94050648230811
2011-01-13 00:00:00,58.0,73.45835453761568
2011-01-13 01:00:00,65.0,68.82084817633097
2011-01-13 02:00:00,57.0,67.67459372343168
2011-01-13 03:00:00,42.0,64.47221560640217
2011-01-13 04:00:00,54.0,119.56212134790111
2011-01-13 05:00:00,132.0,300.5886953249569
2011-01-13 06:00:00,293.0,461.54160574347577
2011-01-13 07:00:00,519.0,501.13724492771894
2011-01-13 08:00:00,511.0,461.54160574347577
2011-01-13 09:00:00,454.0,461.54160574347577
2011-01-13 10:00:00,436.0,507.8472500145822
2011-01-13 11:00:00,477.0,507.8472500145822
2011-01-13 12:00:00,518.0,498.5930750102075
2011-01-13 13:00:00,571.0,635.2689133479998
2011-01-13 14:00:00,712.0,837.5186275999997
2011-01-13 15:00:00,770.0,837.5186275999997
2011-01-13 16:00:00,767.0,837.5186275999997
2011-01-13 17:00:00,742.0,549.5117491194869
2011-01-13 18:00:00,562.0,504.4151525071452
2011-01-13 19:00:00,443.0,298.3120867274698
2011-01-13 20:00:00,365.0,211.9640107801017
2011-01-13 21:00:00,366.0,158.2073727756775
2011-01-13 22:00:00,210.0,123.29348494353079
2011-01-13 23:00:00,177.0,61.330550924481514
2011-01-14 00:00:00,87.0,61.330550924481514
2011-01-14 01:00:00,92.0,69.03138564713706
2011-01-14 02:00:00,75.0,69.03138564713706
2011-01-14 03:00:00,62.0,70.82196995299594
2011-01-14 04:00:00,92.0,113.90543946047154
2011-01-14 05:00:00,136.0,298.3120867274698
2011-01-14 06:00:00,297.0,449.50677077001217
2011-01-14 07:00:00,546.0,553.2582243836408
2011-01-14 08:00:00,550.0,449.50677077001217
2011-01-14 09:00:00,573.0,550.756529947984
2011-01-14 10:00:00,607.0,550.756529947984
2011-01-14 11:00:00,618.0,550.756529947984
2011-01-14 12:00:00,667.0,595.3721935609999
2011-01-14 13:00:00,845.0,774.4807291999998
2011-01-14 14:00:00,893.0,839.7630393199997
2011-01-14 15:00:00,1063.0,839.7630393199997
2011-01-14 16:00:00,1182.0,839.7630393199997
2011-01-14 17:00:00,1119.0,839.7630393199997
2011-01-14 18:00:00,950.0,839.7630393199997
2011-01-14 19:00:00,956.0,839.7630393199997
2011-01-14 20:00:00,695.0,595.3721935609999
2011-01-14 21:00:00,700.0,449.50677077001217
2011-01-14 22:00:00,608.0,449.50677077001217
2011-01-14 23:00:00,388.0,68.17537896709716
2011-01-15 00:00:00,245.0,68.17537896709716
2011-01-15 01:00:00,90.0,68.17537896709716
2011-01-15 02:00:00,52.0,74.722765276968
2011-01-15 03:00:00,44.0,67.9059356938776
2011-01-15 04:00:00,78.0,115.93366533563105
2011-01-15 05:00:00,95.0,65.91390849000001
2011-01-15 06:00:00,233.0,264.71131728526734
2011-01-15 07:00:00,583.0,449.50677077001217
2011-01-15 08:00:00,615.0,449.50677077001217
2011-01-15 09:00:00,580.0,449.50677077001217
2011-01-15 10:00:00,671.0,449.50677077001217
2011-01-15 11:00:00,668.0,449.50677077001217
2011-01-15 12:00:00,693.0,449.50677077001217
2011-01-15 13:00:00,644.0,683.5760233886009
2011-01-15 14:00:00,579.0,683.5760233886009
2011-01-15 15:00:00,553.0,550.756529947984
2011-01-15 16:00:00,627.0,551.4295709635887
2011-01-15 17:00:00,515.0,449.50677077001217
2011-01-15 18:00:00,391.0,297.91846070922884
2011-01-15 19:00:00,288.0,264.71131728526734
2011-01-15 20:00:00,277.0,264.71131728526734
2011-01-15 21:00:00,213.0,163.84516094297425
2011-01-15 22:00:00,142.0,65.91390849000001
2011-01-15 23:00:00,124.0,65.91390849000001
2011-01-16 00:00:00,88.0,65.91390849000001
2011-01-16 01:00:00,38.0,39.1788862818094
2011-01-16 02:00:00,24.0,38.82522039726658
2011-01-16 03:00:00,37.0,72.53973594300001
2011-01-16 04:00:00,41.0,35.16435799466062
2011-01-16 05:00:00,68.0,72.53973594300001
2011-01-16 06:00:00,175.0,113.9574960144592
2011-01-16 07:00:00,381.0,507.5906067550016
2011-01-16 08:00:00,435.0,449.50677077001217
2011-01-16 09:00:00,414.0,445.1547395390085
2011-01-16 10:00:00,410.0,507.5906067550016
2011-01-16 11:00:00,446.0,507.5906067550016
2011-01-16 12:00:00,486.0,551.4295709635887
2011-01-16 13:00:00,578.0,551.4295709635887
2011-01-16 14:00:00,576.0,551.4295709635887
2011-01-16 15:00:00,634.0,551.4295709635887
2011-01-16 16:00:00,516.0,501.11342472850106
2011-01-16 17:00:00,468.0,400.25197391501
2011-01-16 18:00:00,394.0,294.94292249646014
2011-01-16 19:00:00,314.0,268.3979220996871
2011-01-16 20:00:00,249.0,113.9574960144592
2011-01-16 21:00:00,192.0,113.9574960144592
2011-01-16 22:00:00,125.0,113.9574960144592
2011-01-16 23:00:00,115.0,71.17781516010001
2011-01-17 00:00:00,72.0,71.17781516010001
2011-01-17 01:00:00,46.0,36.91505059626243
2011-01-17 02:00:00,34.0,36.91505059626243
2011-01-17 03:00:00,44.0,63.79712942844899
2011-01-17 04:00:00,68.0,116.589173047085
2011-01-17 05:00:00,130.0,300.6600457475221
2011-01-17 06:00:00,225.0,452.1858223741142
2011-01-17 07:00:00,377.0,452.1858223741142
2011-01-17 08:00:00,410.0,452.1858223741142
2011-01-17 09:00:00,379.0,452.1858223741142
2011-01-17 10:00:00,402.0,452.1858223741142
2011-01-17 11:00:00,462.0,452.1858223741142
2011-01-17 12:00:00,508.0,583.1595308401805
2011-01-17 13:00:00,549.0,774.4807291999998
2011-01-17 14:00:00,637.0,774.4807291999998
2011-01-17 15:00:00,680.0,736.7520999999999
2011-01-17 16:00:00,773.0,736.7520999999999
2011-01-17 17:00:00,682.0,550.7006996745121
2011-01-17 18:00:00,469.0,397.1030989369939
2011-01-17 19:00:00,377.0,300.6600457475221
2011-01-17 20:00:00,264.0,213.85779129181168
2011-01-17 21:00:00,201.0,162.60412886205737
2011-01-17 22:00:00,127.0,120.6124211329595
2011-01-17 23:00:00,105.0,60.900593419939995
2011-01-18 00:00:00,84.0,60.900593419939995
2011-01-18 01:00:00,60.0,67.83041539395799
2011-01-18 02:00:00,42.0,65.48129077577059
2011-01-18 03:00:00,27.0,65.48129077577059
2011-01-18 04:00:00,62.0,117.27008635515016
2011-01-18 05:00:00,144.0,300.6600457475221
2011-01-18 06:00:00,340.0,459.2910529633159
2011-01-18 07:00:00,466.0,459.2910529633159
2011-01-18 08:00:00,363.0,397.1030989369939
2011-01-18 09:00:00,386.0,461.30373707432113
2011-01-18 10:00:00,368.0,461.30373707432113
2011-01-18 11:00:00,399.0,461.30373707432113
2011-01-18 12:00:00,389.0,395.34051847912696
2011-01-18 13:00:00,274.0,393.43836293538885
2011-01-18 14:00:00,326.0,393.43836293538885
2011-01-18 15:00:00,383.0,393.43836293538885
2011-01-18 16:00:00,431.0,390.30685405477215
2011-01-18 17:00:00,389.0,390.30685405477215
2011-01-18 18:00:00,288.0,308.2620320232654
2011-01-18 19:00:00,239.0,266.30348728019266
2011-01-18 20:00:00,146.0,210.00045390426817
2011-01-18 21:00:00,186.0,153.7160231424081
2011-01-18 22:00:00,117.0,117.27008635515016
2011-01-18 23:00:00,119.0,64.4369035430394
2011-01-19 00:00:00,87.0,64.4369035430394
2011-01-19 01:00:00,54.0,71.20583248012758
2011-01-19 02:00:00,57.0,66.04408273608931
2011-01-19 03:00:00,55.0,63.33085791526251
2011-01-19 04:00:00,70.0,117.73234231402358
2011-01-19 05:00:00,133.0,302.1834224162858
2011-01-19 06:00:00,256.0,452.21261595202475
2011-01-19 07:00:00,465.0,389.91479783834046
2011-01-19 08:00:00,509.0,456.0488311664173
2011-01-19 09:00:00,466.0,456.0488311664173
2011-01-19 10:00:00,351.0,459.03418181649204
2011-01-19 11:00:00,390.0,507.11390468187574
2011-01-19 12:00:00,362.0,459.03418181649204
2011-01-19 13:00:00,404.0,459.03418181649204
2011-01-19 14:00:00,518.0,507.11390468187574
2011-01-19 15:00:00,636.0,774.0365104399998
2011-01-19 16:00:00,695.0,736.7520999999999
2011-01-19 17:00:00,632.0,550.7006996745121
2011-01-19 18:00:00,398.0,394.1582509407868
2011-01-19 19:00:00,369.0,257.4787087672944
2011-01-19 20:00:00,287.0,210.00045390426817
2011-01-19 21:00:00,225.0,163.40121619968565
2011-01-19 22:00:00,137.0,122.31263961981651
2011-01-19 23:00:00,133.0,63.58212037847863
2011-01-20 00:00:00,87.0,63.58212037847863
2011-01-20 01:00:00,66.0,70.60748426493504
2011-01-20 02:00:00,60.0,69.22523898545452
2011-01-20 03:00:00,54.0,66.45766728981816
2011-01-20 04:00:00,104.0,128.60319341371007
2011-01-20 05:00:00,155.0,297.62839569140004
2011-01-20 06:00:00,296.0,459.03418181649204
2011-01-20 07:00:00,532.0,510.379733277313
2011-01-20 08:00:00,523.0,459.03418181649204
2011-01-20 09:00:00,464.0,459.03418181649204
2011-01-20 10:00:00,463.0,510.379733277313
2011-01-20 11:00:00,490.0,510.379733277313
2011-01-20 12:00:00,526.0,461.266749090081
2011-01-20 13:00:00,599.0,634.4102863864788
2011-01-20 14:00:00,726.0,774.0365104399998
2011-01-20 15:00:00,763.0,774.0365104399998
2011-01-20 16:00:00,817.0,733.5264699999999
2011-01-20 17:00:00,711.0,534.7243399883575
2011-01-20 18:00:00,559.0,461.266749090081
2011-01-20 19:00:00,483.0,461.266749090081
2011-01-20 20:00:00,380.0,214.5003177329877
2011-01-20 21:00:00,320.0,160.88085133977995
2011-01-20 22:00:00,217.0,160.88085133977995
2011-01-20 23:00:00,161.0,62.720367102872714
2011-01-21 00:00:00,126.0,62.720367102872714
2011-01-21 01:00:00,112.0,62.720367102872714
2011-01-21 02:00:00,88.0,62.720367102872714
2011-01-21 03:00:00,71.0,70.3042569720109
2011-01-21 04:00:00,62.0,119.45889534090253
2011-01-21 05:00:00,166.0,303.997913888786
2011-01-21 06:00:00,249.0,461.266749090081
2011-01-21 07:00:00,468.0,497.8860693058833
2011-01-21 08:00:00,411.0,390.7175429609855
2011-01-21 09:00:00,359.0,463.2867243630567
2011-01-21 10:00:00,429.0,497.8860693058833
2011-01-21 11:00:00,487.0,497.8860693058833
2011-01-21 12:00:00,479.0,587.9116715881264
2011-01-21 13:00:00,587.0,634.4102863864788
2011-01-21 14:00:00,700.0,770.7255573079998
2011-01-21 15:00:00,867.0,832.9341275239998
2011-01-21 16:00:00,936.0,832.9341275239998
2011-01-21 17:00:00,825.0,542.0070379918502
2011-01-21 18:00:00,732.0,542.0070379918502
2011-01-21 19:00:00,523.0,489.9341739598828
2011-01-21 20:00:00,511.0,489.9341739598828
2011-01-21 21:00:00,390.0,162.44161715649216
2011-01-21 22:00:00,244.0,119.45889534090253
2011-01-21 23:00:00,175.0,67.95908591628533
2011-01-22 00:00:00,112.0,67.95908591628533
2011-01-22 01:00:00,65.0,67.95908591628533
2011-01-22 02:00:00,36.0,67.07136014139974
2011-01-22 03:00:00,41.0,67.07136014139974
2011-01-22 04:00:00,54.0,117.22122673863177
2011-01-22 05:00:00,79.0,63.14995209897981
2011-01-22 06:00:00,215.0,215.25022241309136
2011-01-22 07:00:00,458.0,453.00070705413964
2011-01-22 08:00:00,514.0,454.50049493789777
2011-01-22 09:00:00,480.0,454.50049493789777
2011-01-22 10:00:00,538.0,495.10442166823975
2011-01-22 11:00:00,574.0,695.521822250922
2011-01-22 12:00:00,591.0,583.5467190781819
2011-01-22 13:00:00,602.0,634.4102863864788
2011-01-22 14:00:00,552.0,634.4102863864788
2011-01-22 15:00:00,605.0,541.3694140312045
2011-01-22 16:00:00,548.0,594.9535246438163
2011-01-22 17:00:00,442.0,495.10442166823975
2011-01-22 18:00:00,380.0,303.997913888786
2011-01-22 19:00:00,272.0,251.65456729597423
2011-01-22 20:00:00,221.0,257.75819710718196
2011-01-22 21:00:00,250.0,166.2091320095445
2011-01-22 22:00:00,187.0,117.22122673863177
2011-01-22 23:00:00,112.0,67.90496646928587
2011-01-23 00:00:00,55.0,36.80413255371382
2011-01-23 01:00:00,46.0,36.80413255371382
2011-01-23 02:00:00,43.0,36.80413255371382
2011-01-23 03:00:00,43.0,58.623433569950066
2011-01-23 04:00:00,50.0,58.623433569950066
2011-01-23 05:00:00,91.0,56.03640349896504
2011-01-23 06:00:00,161.0,450.7503464565284
2011-01-23 07:00:00,332.0,450.7503464565284
2011-01-23 08:00:00,294.0,390.333117235618
2011-01-23 09:00:00,266.0,450.7503464565284
2011-01-23 10:00:00,363.0,495.10442166823975
2011-01-23 11:00:00,409.0,495.10442166823975
2011-01-23 12:00:00,507.0,594.9535246438163
2011-01-23 13:00:00,521.0,594.9535246438163
2011-01-23 14:00:00,552.0,634.4102863864788
2011-01-23 15:00:00,487.0,505.37116661743744
2011-01-23 16:00:00,471.0,499.85981663220616
2011-01-23 17:00:00,452.0,395.93318206493257
2011-01-23 18:00:00,372.0,300.9985397221502
2011-01-23 19:00:00,284.0,258.60151658251914
2011-01-23 20:00:00,196.0,115.65485871704223
2011-01-23 21:00:00,160.0,115.65485871704223
2011-01-23 22:00:00,112.0,115.65485871704223
2011-01-23 23:00:00,155.0,66.52548244927553
2011-01-24 00:00:00,71.0,66.52548244927553
2011-01-24 01:00:00,53.0,39.96402495131977
2011-01-24 02:00:00,40.0,63.407486400145004
2011-01-24 03:00:00,42.0,63.407486400145004
2011-01-24 04:00:00,58.0,114.55840110192955
2011-01-24 05:00:00,99.0,210.64582628769034
2011-01-24 06:00:00,190.0,455.3776697636989
2011-01-24 07:00:00,365.0,395.93318206493257
2011-01-24 08:00:00,279.0,395.93318206493257
2011-01-24 09:00:00,352.0,395.93318206493257
2011-01-24 10:00:00,359.0,395.93318206493257
2011-01-24 11:00:00,348.0,455.3776697636989
2011-01-24 12:00:00,420.0,499.85981663220616
2011-01-24 13:00:00,469.0,634.4102863864788
2011-01-24 14:00:00,552.0,634.4102863864788
2011-01-24 15:00:00,663.0,695.521822250922
2011-01-24 16:00:00,684.0,695.521822250922
2011-01-24 17:00:00,634.0,459.4643688345892
2011-01-24 18:00:00,448.0,355.7096043401311
2011-01-24 19:00:00,318.0,295.8989778055051
2011-01-24 20:00:00,262.0,204.45207840138323
2011-01-24 21:00:00,192.0,109.89088077135068
2011-01-24 22:00:00,145.0,109.89088077135068
2011-01-24 23:00:00,113.0,61.7852404801015
2011-01-25 00:00:00,67.0,61.7852404801015
2011-01-25 01:00:00,67.0,63.34966833607105
2011-01-25 02:00:00,53.0,64.44476783524973
2011-01-25 03:00:00,48.0,61.01133748467481
2011-01-25 04:00:00,50.0,57.10793623927236
2011-01-25 05:00:00,139.0,302.52928446385357
2011-01-25 06:00:00,270.0,456.0250581842124
2011-01-25 07:00:00,440.0,403.1532274454528
2011-01-25 08:00:00,419.0,403.1532274454528
2011-01-25 09:00:00,428.0,407.9072592118169
2011-01-25 10:00:00,368.0,407.9072592118169
2011-01-25 11:00:00,381.0,407.9072592118169
2011-01-25 12:00:00,431.0,399.8350814482718
2011-01-25 13:00:00,479.0,640.2910403293746
2011-01-25 14:00:00,543.0,640.2910403293746
2011-01-25 15:00:00,645.0,692.0652755756454
2011-01-25 16:00:00,724.0,692.0652755756454
2011-01-25 17:00:00,639.0,440.2765949571848
2011-01-25 18:00:00,477.0,399.8350814482718
2011-01-25 19:00:00,361.0,302.52928446385357
2011-01-25 20:00:00,257.0,200.71645488096826
2011-01-25 21:00:00,250.0,157.54127881684417
2011-01-25 22:00:00,109.0,119.27653157796183
2011-01-25 23:00:00,113.0,54.97555536749065
2011-01-26 00:00:00,59.0,54.97555536749065
2011-01-26 01:00:00,68.0,56.18288875724345
2011-01-26 02:00:00,41.0,59.72802213007041
2011-01-26 03:00:00,49.0,59.72802213007041
2011-01-26 04:00:00,68.0,115.23550047320128
2011-01-26 05:00:00,131.0,259.17932689202394
2011-01-26 06:00:00,291.0,440.2765949571848
2011-01-26 07:00:00,521.0,488.6213101497809
2011-01-26 08:00:00,485.0,440.2765949571848
2011-01-26 09:00:00,502.0,440.2765949571848
2011-01-26 10:00:00,393.0,496.63410938137474
2011-01-26 11:00:00,413.0,496.63410938137474
2011-01-26 12:00:00,442.0,402.3491899096531
2011-01-26 13:00:00,461.0,402.3491899096531
2011-01-26 14:00:00,596.0,640.8926097613935
2011-01-26 15:00:00,663.0,692.0652755756454
2011-01-26 16:00:00,719.0,647.5248268329755
2011-01-26 17:00:00,678.0,546.3359963088922
2011-01-26 18:00:00,443.0,359.8777061266642
2011-01-26 19:00:00,313.0,259.17932689202394
2011-01-26 20:00:00,258.0,200.71645488096826
2011-01-26 21:00:00,252.0,119.9648503312409
2011-01-26 22:00:00,151.0,119.9648503312409
2011-01-26 23:00:00,104.0,59.9567308437345
2011-01-27 00:00:00,54.0,59.9567308437345
2011-01-27 01:00:00,61.0,58.16971159061414
2011-01-27 02:00:00,45.0,59.018798113429895
2011-01-27 03:00:00,42.0,54.81315867940092
2011-01-27 04:00:00,71.0,115.17539523186862
2011-01-27 05:00:00,127.0,303.24934938728825
2011-01-27 06:00:00,283.0,445.69887207031434
2011-01-27 07:00:00,498.0,496.63410938137474
2011-01-27 08:00:00,491.0,445.69887207031434
2011-01-27 09:00:00,403.0,445.69887207031434
2011-01-27 10:00:00,424.0,495.23071359687356
2011-01-27 11:00:00,413.0,495.23071359687356
2011-01-27 12:00:00,470.0,495.23071359687356
2011-01-27 13:00:00,547.0,647.5248268329755
2011-01-27 14:00:00,659.0,770.7255573079998
2011-01-27 15:00:00,762.0,830.5538892667998
2011-01-27 16:00:00,847.0,830.5538892667998
2011-01-27 17:00:00,762.0,546.5351974162245
2011-01-27 18:00:00,541.0,495.23071359687356
2011-01-27 19:00:00,463.0,452.98921044922
2011-01-27 20:00:00,366.0,200.71645488096826
2011-01-27 21:00:00,346.0,155.57889517179092
2011-01-27 22:00:00,183.0,118.72277666230804
2011-01-27 23:00:00,144.0,59.66921107558065
2011-01-28 00:00:00,106.0,59.66921107558065
2011-01-28 01:00:00,76.0,59.66921107558065
2011-01-28 02:00:00,51.0,64.56844775290645
2011-01-28 03:00:00,50.0,60.49791342703451
2011-01-28 04:00:00,80.0,114.90594366361562
2011-01-28 05:00:00,145.0,303.24934938728825
2011-01-28 06:00:00,305.0,455.992447314454
2011-01-28 07:00:00,612.0,595.2674672506714
2011-01-28 08:00:00,539.0,495.23071359687356
2011-01-28 09:00:00,515.0,455.992447314454
2011-01-28 10:00:00,530.0,501.1614995178115
2011-01-28 11:00:00,618.0,501.1614995178115
2011-01-28 12:00:00,754.0,605.601058952829
2011-01-28 13:00:00,779.0,687.8456929029518
2011-01-28 14:00:00,832.0,770.0928661566438
2011-01-28 15:00:00,878.0,834.4414057407319
2011-01-28 16:00:00,1015.0,834.4414057407319
2011-01-28 17:00:00,996.0,834.4414057407319
2011-01-28 18:00:00,826.0,539.1785727137649
2011-01-28 19:00:00,728.0,539.1785727137649
2011-01-28 20:00:00,602.0,605.601058952829
2011-01-28 21:00:00,509.0,501.1614995178115
2011-01-28 22:00:00,339.0,154.00456104392427
2011-01-28 23:00:00,208.0,64.14397757924691
2011-01-29 00:00:00,115.0,64.14397757924691
2011-01-29 01:00:00,78.0,64.14397757924691
2011-01-29 02:00:00,42.0,68.30078430547283
2011-01-29 03:00:00,38.0,68.30078430547283
2011-01-29 04:00:00,60.0,68.30078430547283
2011-01-29 05:00:00,107.0,65.81054901383098
2011-01-29 06:00:00,231.0,455.992447314454
2011-01-29 07:00:00,634.0,604.5207412669803
2011-01-29 08:00:00,578.0,539.1785727137649
2011-01-29 09:00:00,578.0,539.1785727137649
2011-01-29 10:00:00,600.0,590.9951632208202
2011-01-29 11:00:00,637.0,455.992447314454
2011-01-29 12:00:00,676.0,593.6966142545741
2011-01-29 13:00:00,560.0,593.6966142545741
2011-01-29 14:00:00,705.0,770.0928661566438
2011-01-29 15:00:00,620.0,593.6966142545741
2011-01-29 16:00:00,523.0,455.992447314454
2011-01-29 17:00:00,464.0,410.1867721390109
2011-01-29 18:00:00,361.0,303.7745445711017
2011-01-29 19:00:00,311.0,264.64450912396416
2011-01-29 20:00:00,278.0,211.33106289167443
2011-01-29 21:00:00,239.0,154.00456104392427
2011-01-29 22:00:00,154.0,112.55391239517164
2011-01-29 23:00:00,127.0,65.81054901383098
2011-01-30 00:00:00,86.0,65.81054901383098
2011-01-30 01:00:00,50.0,40.356727571497814
2011-01-30 02:00:00,25.0,40.356727571497814
2011-01-30 03:00:00,29.0,65.30716901677718
2011-01-30 04:00:00,44.0,65.30716901677718
2011-01-30 05:00:00,85.0,58.91501831174402
2011-01-30 06:00:00,160.0,354.420037241012
2011-01-30 07:00:00,447.0,503.513049662468
2011-01-30 08:00:00,465.0,454.97629918408245
2011-01-30 09:00:00,423.0,457.98340942885767
2011-01-30 10:00:00,423.0,503.513049662468
2011-01-30 11:00:00,456.0,503.513049662468
2011-01-30 12:00:00,469.0,503.513049662468
2011-01-30 13:00:00,553.0,538.6975006297448
2011-01-30 14:00:00,562.0,636.2498109225974
2011-01-30 15:00:00,607.0,460.87187062014016
2011-01-30 16:00:00,562.0,460.87187062014016
2011-01-30 17:00:00,493.0,460.87187062014016
2011-01-30 18:00:00,403.0,305.9421811997712
2011-01-30 19:00:00,342.0,259.7558094707424
2011-01-30 20:00:00,229.0,211.33106289167443
2011-01-30 21:00:00,173.0,116.88773867662013
2011-01-30 22:00:00,106.0,116.88773867662013
2011-01-30 23:00:00,105.0,66.74051281822082
2011-01-31 00:00:00,65.0,66.74051281822082
2011-01-31 01:00:00,51.0,33.724796510033926
2011-01-31 02:00:00,26.0,61.652851280928196
2011-01-31 03:00:00,32.0,61.652851280928196
2011-01-31 04:00:00,62.0,111.03499195154384
2011-01-31 05:00:00,124.0,216.63174402417212
2011-01-31 06:00:00,268.0,460.87187062014016
2011-01-31 07:00:00,438.0,460.87187062014016
2011-01-31 08:00:00,415.0,454.0103094340981
2011-01-31 09:00:00,404.0,413.32354399057647
2011-01-31 10:00:00,419.0,410.5264807934035
2011-01-31 11:00:00,411.0,413.0685365553824
2011-01-31 12:00:00,448.0,412.4479755887677
2011-01-31 13:00:00,507.0,636.2498109225974
2011-01-31 14:00:00,573.0,636.2498109225974
2011-01-31 15:00:00,741.0,690.5043895224463
2011-01-31 16:00:00,759.0,690.5043895224463
2011-01-31 17:00:00,656.0,452.2072166038687
2011-01-31 18:00:00,514.0,350.69402606870835
2011-01-31 19:00:00,386.0,262.22906662951965
2011-01-31 20:00:00,295.0,216.63174402417212
2011-01-31 21:00:00,237.0,114.9244943660807
2011-01-31 22:00:00,156.0,114.9244943660807
2011-01-31 23:00:00,126.0,61.75699589664973
2011-02-01 00:00:00,74.0,61.75699589664973
2011-02-01 01:00:00,53.0,65.42989712765481
2011-02-01 02:00:00,45.0,61.70092798935836
2011-02-01 03:00:00,53.0,56.69064959255085
2011-02-01 04:00:00,72.0,118.24714605625648
2011-02-01 05:00:00,129.0,254.66034664066373
2011-02-01 06:00:00,271.0,452.2072166038687
2011-02-01 07:00:00,367.0,404.5135829121374
2011-02-01 08:00:00,353.0,404.5135829121374
2011-02-01 09:00:00,256.0,404.5135829121374
2011-02-01 10:00:00,239.0,404.5135829121374
2011-02-01 11:00:00,311.0,404.5135829121374
2011-02-01 12:00:00,307.0,404.5135829121374
2011-02-01 13:00:00,300.0,404.5135829121374
2011-02-01 14:00:00,337.0,404.5135829121374
2011-02-01 15:00:00,491.0,452.2072166038687
2011-02-01 16:00:00,487.0,452.2072166038687
2011-02-01 17:00:00,439.0,404.5135829121374
2011-02-01 18:00:00,362.0,303.999217706065
2011-02-01 19:00:00,283.0,252.64549889774764
2011-02-01 20:00:00,201.0,261.75184922842334
2011-02-01 21:00:00,206.0,159.4730951066462
2011-02-01 22:00:00,139.0,121.47300223937953
2011-02-01 23:00:00,103.0,60.5084183003499
2011-02-02 00:00:00,96.0,60.5084183003499
2011-02-02 01:00:00,61.0,60.5084183003499
2011-02-02 02:00:00,55.0,60.655892810244936
2011-02-02 03:00:00,39.0,58.959124967171455
2011-02-02 04:00:00,26.0,112.52823976810716
2011-02-02 05:00:00,61.0,58.959124967171455
2011-02-02 06:00:00,94.0,59.57138747702001
2011-02-02 07:00:00,235.0,59.57138747702001
2011-02-02 08:00:00,292.0,497.0745282567709
2011-02-02 09:00:00,238.0,217.61168820029104
2011-02-02 10:00:00,189.0,404.5135829121374
2011-02-02 11:00:00,186.0,209.0281817402037
2011-02-02 12:00:00,194.0,209.0281817402037
2011-02-02 13:00:00,171.0,204.51972721814258
2011-02-02 14:00:00,212.0,204.51972721814258
2011-02-02 15:00:00,267.0,206.7638090526998
2011-02-02 16:00:00,275.0,206.7638090526998
2011-02-02 17:00:00,267.0,206.7638090526998
2011-02-02 18:00:00,206.0,206.7638090526998
2011-02-02 19:00:00,195.0,206.53466633688987
2011-02-02 20:00:00,141.0,203.0742664358229
2011-02-02 21:00:00,128.0,160.25127162157963
2011-02-02 22:00:00,71.0,113.27883748637251
2011-02-02 23:00:00,98.0,62.99997123391401
2011-02-03 00:00:00,74.0,62.99997123391401
2011-02-03 01:00:00,40.0,66.29997986373981
2011-02-03 02:00:00,48.0,66.29997986373981
2011-02-03 03:00:00,45.0,60.80998590461786
2011-02-03 04:00:00,73.0,108.69518624046074
2011-02-03 05:00:00,91.0,300.3994523942455
2011-02-03 06:00:00,222.0,448.24505162270805
2011-02-03 07:00:00,492.0,497.0745282567709
2011-02-03 08:00:00,564.0,448.24505162270805
2011-02-03 09:00:00,486.0,448.24505162270805
2011-02-03 10:00:00,457.0,404.5135829121374
2011-02-03 11:00:00,510.0,492.68651884581766
2011-02-03 12:00:00,450.0,497.8805631920723
2011-02-03 13:00:00,539.0,642.1748676458182
2011-02-03 14:00:00,720.0,770.0928661566438
2011-02-03 15:00:00,715.0,831.9089840185122
2011-02-03 16:00:00,808.0,770.0928661566438
2011-02-03 17:00:00,753.0,550.9552789308411
2011-02-03 18:00:00,545.0,450.6100752951269
2011-02-03 19:00:00,474.0,450.6100752951269
2011-02-03 20:00:00,391.0,208.75198650507602
2011-02-03 21:00:00,368.0,208.75198650507602
2011-02-03 22:00:00,203.0,108.69518624046074
2011-02-03 23:00:00,147.0,70.10282516528392
2011-02-04 00:00:00,105.0,70.10282516528392
2011-02-04 01:00:00,59.0,70.10282516528392
2011-02-04 02:00:00,63.0,66.77197761569875
2011-02-04 03:00:00,61.0,65.64038433098912
2011-02-04 04:00:00,73.0,64.24826903169239
2011-02-04 05:00:00,131.0,300.3994523942455
2011-02-04 06:00:00,266.0,457.62705270658876
2011-02-04 07:00:00,555.0,497.8805631920723
2011-02-04 08:00:00,567.0,457.62705270658876
2011-02-04 09:00:00,582.0,457.62705270658876
2011-02-04 10:00:00,524.0,497.8805631920723
2011-02-04 11:00:00,595.0,497.8805631920723
2011-02-04 12:00:00,613.0,589.9578570825231
2011-02-04 13:00:00,778.0,736.550951405334
2011-02-04 14:00:00,919.0,831.9089840185122
2011-02-04 15:00:00,931.0,831.9089840185122
2011-02-04 16:00:00,1013.0,831.9089840185122
2011-02-04 17:00:00,985.0,546.2198624712948
2011-02-04 18:00:00,892.0,933.6911499999997
2011-02-04 19:00:00,784.0,933.6911499999997
2011-02-04 20:00:00,631.0,546.2198624712948
2011-02-04 21:00:00,490.0,156.27589013510573
2011-02-04 22:00:00,352.0,156.27589013510573
2011-02-04 23:00:00,295.0,114.61064125782575
2011-02-05 00:00:00,153.0,66.87378832218467
2011-02-05 01:00:00,91.0,66.87378832218467
2011-02-05 02:00:00,59.0,74.11165182552926
2011-02-05 03:00:00,43.0,69.57815627787048
2011-02-05 04:00:00,61.0,69.57815627787048
2011-02-05 05:00:00,83.0,67.00470939450933
2011-02-05 06:00:00,180.0,71.80329657615653
2011-02-05 07:00:00,545.0,596.8704999577661
2011-02-05 08:00:00,603.0,596.8704999577661
2011-02-05 09:00:00,488.0,457.62705270658876
2011-02-05 10:00:00,495.0,493.26147596411545
2011-02-05 11:00:00,469.0,493.7830331748808
2011-02-05 12:00:00,478.0,461.0389368946121
2011-02-05 13:00:00,476.0,489.0481232224165
2011-02-05 14:00:00,656.0,638.8224073520727
2011-02-05 15:00:00,578.0,598.7093499704363
2011-02-05 16:00:00,447.0,461.0389368946121
2011-02-05 17:00:00,417.0,400.45950803849615
2011-02-05 18:00:00,342.0,298.77961667597185
2011-02-05 19:00:00,268.0,264.905073299821
2011-02-05 20:00:00,130.0,71.80329657615653
2011-02-05 21:00:00,128.0,71.80329657615653
2011-02-05 22:00:00,87.0,71.80329657615653
2011-02-05 23:00:00,67.0,76.36230760330956
2011-02-06 00:00:00,55.0,73.55361532231669
2011-02-06 01:00:00,57.0,67.98753072562168
2011-02-06 02:00:00,37.0,36.718694584608976
2011-02-06 03:00:00,36.0,64.69127150793517
2011-02-06 04:00:00,48.0,64.69127150793517
2011-02-06 05:00:00,62.0,59.68389005555461
2011-02-06 06:00:00,161.0,456.82725582622845
2011-02-06 07:00:00,473.0,456.82725582622845
2011-02-06 08:00:00,548.0,461.6790790783599
2011-02-06 09:00:00,382.0,405.4216556269473
2011-02-06 10:00:00,366.0,398.3951589388631
2011-02-06 11:00:00,359.0,485.1336862556915
2011-02-06 12:00:00,387.0,485.1336862556915
2011-02-06 13:00:00,480.0,546.4977326109345
2011-02-06 14:00:00,484.0,546.4977326109345
2011-02-06 15:00:00,488.0,546.4977326109345
2011-02-06 16:00:00,458.0,461.6790790783599
2011-02-06 17:00:00,376.0,394.9766112572041
2011-02-06 18:00:00,326.0,298.77961667597185
2011-02-06 19:00:00,247.0,265.8335513098747
2011-02-06 20:00:00,168.0,162.19363031634123
2011-02-06 21:00:00,146.0,121.8592142163346
2011-02-06 22:00:00,154.0,121.8592142163346
2011-02-06 23:00:00,126.0,60.378723038888225
2011-02-07 00:00:00,48.0,60.378723038888225
2011-02-07 01:00:00,38.0,36.56216034645839
2011-02-07 02:00:00,33.0,56.665106127221755
2011-02-07 03:00:00,39.0,56.665106127221755
2011-02-07 04:00:00,63.0,123.10144995143422
2011-02-07 05:00:00,115.0,260.1834859169122
2011-02-07 06:00:00,261.0,460.5753553548519
2011-02-07 07:00:00,476.0,394.9766112572041
2011-02-07 08:00:00,391.0,394.9766112572041
2011-02-07 09:00:00,388.0,393.7836278800429
2011-02-07 10:00:00,416.0,392.04853951602996
2011-02-07 11:00:00,410.0,399.233977661221
2011-02-07 12:00:00,445.0,402.46378436285465
2011-02-07 13:00:00,514.0,643.9756851464508
2011-02-07 14:00:00,587.0,643.9756851464508
2011-02-07 15:00:00,679.0,736.550951405334
2011-02-07 16:00:00,703.0,643.9756851464508
2011-02-07 17:00:00,665.0,491.81041864899396
2011-02-07 18:00:00,497.0,402.46378436285465
2011-02-07 19:00:00,353.0,260.42844014183856
2011-02-07 20:00:00,270.0,207.0263905535532
2011-02-07 21:00:00,225.0,157.18841519850503
2011-02-07 22:00:00,145.0,120.67101496600395
2011-02-07 23:00:00,112.0,58.56557428905523
2011-02-08 00:00:00,81.0,58.56557428905523
2011-02-08 01:00:00,61.0,65.29590200233866
2011-02-08 02:00:00,56.0,64.00713140163707
2011-02-08 03:00:00,41.0,61.60499198114594
2011-02-08 04:00:00,55.0,118.06971047620277
2011-02-08 05:00:00,134.0,263.299908099287
2011-02-08 06:00:00,259.0,455.90274874839633
2011-02-08 07:00:00,431.0,402.46378436285465
2011-02-08 08:00:00,394.0,402.46378436285465
2011-02-08 09:00:00,372.0,399.9246490539982
2011-02-08 10:00:00,334.0,399.9246490539982
2011-02-08 11:00:00,325.0,448.43192412387737
2011-02-08 12:00:00,393.0,354.5999787274014
2011-02-08 13:00:00,431.0,397.8472543377987
2011-02-08 14:00:00,502.0,650.2829796025155
2011-02-08 15:00:00,611.0,736.550951405334
2011-02-08 16:00:00,684.0,650.2829796025155
2011-02-08 17:00:00,607.0,495.957105138007
2011-02-08 18:00:00,438.0,354.5999787274014
2011-02-08 19:00:00,335.0,262.00993566950086
2011-02-08 20:00:00,262.0,212.41847338748724
2011-02-08 21:00:00,216.0,153.5318906389535
2011-02-08 22:00:00,138.0,122.84879733334193
2011-02-08 23:00:00,121.0,59.62349438680216
2011-02-09 00:00:00,83.0,59.62349438680216
2011-02-09 01:00:00,53.0,66.63644607076151
2011-02-09 02:00:00,38.0,62.545512249533054
2011-02-09 03:00:00,39.0,62.545512249533054
2011-02-09 04:00:00,80.0,125.47591069333754
2011-02-09 05:00:00,116.0,262.0069549686506
2011-02-09 06:00:00,264.0,441.6416428206999
2011-02-09 07:00:00,479.0,397.8472543377987
2011-02-09 08:00:00,503.0,490.8699735966049
2011-02-09 09:00:00,493.0,494.5089815176234
2011-02-09 10:00:00,456.0,494.0562870623363
2011-02-09 11:00:00,406.0,494.0562870623363
2011-02-09 12:00:00,497.0,494.0562870623363
2011-02-09 13:00:00,480.0,494.9394009436354
2011-02-09 14:00:00,561.0,490.45758066054475
2011-02-09 15:00:00,667.0,689.486005606199
2011-02-09 16:00:00,744.0,736.550951405334
2011-02-09 17:00:00,704.0,550.8484128276541
2011-02-09 18:00:00,513.0,348.7199851091809
2011-02-09 19:00:00,391.0,262.6048684780554
2011-02-09 20:00:00,309.0,213.49293137124107
2011-02-09 21:00:00,225.0,153.5318906389535
2011-02-09 22:00:00,157.0,122.63313748533626
2011-02-09 23:00:00,130.0,67.78185857467314
2011-02-10 00:00:00,86.0,67.78185857467314
2011-02-10 01:00:00,67.0,73.2473010022712
2011-02-10 02:00:00,54.0,71.37311070158984
2011-02-10 03:00:00,43.0,66.16117749111288
2011-02-10 04:00:00,68.0,66.16117749111288
2011-02-10 05:00:00,120.0,262.6048684780554
2011-02-10 06:00:00,254.0,445.94914997448984
2011-02-10 07:00:00,482.0,497.22030646238136
2011-02-10 08:00:00,488.0,445.94914997448984
2011-02-10 09:00:00,450.0,445.94914997448984
2011-02-10 10:00:00,430.0,397.50515462552136
2011-02-10 11:00:00,493.0,442.01508348749996
2011-02-10 12:00:00,521.0,442.01508348749996
2011-02-10 13:00:00,511.0,550.8484128276541
2011-02-10 14:00:00,746.0,781.4978530917288
2011-02-10 15:00:00,775.0,831.9089840185122
2011-02-10 16:00:00,882.0,740.9499661886135
2011-02-10 17:00:00,752.0,550.8484128276541
2011-02-10 18:00:00,615.0,442.01508348749996
2011-02-10 19:00:00,449.0,442.01508348749996
2011-02-10 20:00:00,378.0,216.94505195986875
2011-02-10 21:00:00,312.0,154.57232344726745
2011-02-10 22:00:00,253.0,154.57232344726745
2011-02-10 23:00:00,162.0,66.71282424377901
2011-02-11 00:00:00,103.0,66.71282424377901
2011-02-11 01:00:00,57.0,66.71282424377901
2011-02-11 02:00:00,73.0,63.7989769706453
2011-02-11 03:00:00,63.0,66.5592838794517
2011-02-11 04:00:00,76.0,65.49149871561619
2011-02-11 05:00:00,120.0,257.91638555424714
2011-02-11 06:00:00,263.0,444.11055844124996
2011-02-11 07:00:00,488.0,503.68247690713235
2011-02-11 08:00:00,484.0,498.9777338349926
2011-02-11 09:00:00,567.0,444.11055844124996
2011-02-11 10:00:00,551.0,494.48441368449477
2011-02-11 11:00:00,655.0,604.4477204495312
2011-02-11 12:00:00,714.0,604.4477204495312
2011-02-11 13:00:00,808.0,933.6911499999997
2011-02-11 14:00:00,933.0,788.0839480149469
2011-02-11 15:00:00,1033.0,831.9089840185122
2011-02-11 16:00:00,1082.0,735.1854834324206
2011-02-11 17:00:00,1067.0,554.2857222855505
2011-02-11 18:00:00,990.0,735.1854834324206
2011-02-11 19:00:00,742.0,604.4477204495312
2011-02-11 20:00:00,673.0,494.48441368449477
2011-02-11 21:00:00,538.0,156.8006264130872
2011-02-11 22:00:00,392.0,156.8006264130872
2011-02-11 23:00:00,263.0,118.09121631022921
2011-02-12 00:00:00,140.0,68.64404910093133
2011-02-12 01:00:00,81.0,68.64404910093133
2011-02-12 02:00:00,58.0,72.35083437065192
2011-02-12 03:00:00,50.0,68.04558405945635
2011-02-12 04:00:00,52.0,62.63190884161944
2011-02-12 05:00:00,90.0,59.442336189133606
2011-02-12 06:00:00,201.0,260.50902892158103
2011-02-12 07:00:00,544.0,604.4477204495312
2011-02-12 08:00:00,643.0,604.4477204495312
2011-02-12 09:00:00,625.0,604.4477204495312
2011-02-12 10:00:00,616.0,604.4477204495312
2011-02-12 11:00:00,565.0,494.48441368449477
2011-02-12 12:00:00,651.0,494.48441368449477
2011-02-12 13:00:00,604.0,644.6034434025638
2011-02-12 14:00:00,586.0,644.6034434025638
2011-02-12 15:00:00,671.0,684.2826999229262
2011-02-12 16:00:00,560.0,444.11055844124996
2011-02-12 17:00:00,511.0,357.50398957642665
2011-02-12 18:00:00,390.0,260.50902892158103
2011-02-12 19:00:00,353.0,260.50902892158103
2011-02-12 20:00:00,277.0,260.50902892158103
2011-02-12 21:00:00,280.0,151.76043848916103
2011-02-12 22:00:00,177.0,118.09121631022921
2011-02-12 23:00:00,133.0,68.60963533239352
2011-02-13 00:00:00,69.0,68.60963533239352
2011-02-13 01:00:00,42.0,39.72021272182033
2011-02-13 02:00:00,36.0,68.72674473267546
2011-02-13 03:00:00,41.0,68.72674473267546
2011-02-13 04:00:00,37.0,68.72674473267546
2011-02-13 05:00:00,63.0,38.86062307450906
2011-02-13 06:00:00,116.0,67.00872131287281
2011-02-13 07:00:00,386.0,394.09752576650544
2011-02-13 08:00:00,441.0,391.6682680365538
2011-02-13 09:00:00,434.0,391.6682680365538
2011-02-13 10:00:00,440.0,440.4241736362124
2011-02-13 11:00:00,459.0,440.29692154534865
2011-02-13 12:00:00,486.0,499.4390895791463
2011-02-13 13:00:00,515.0,495.4073627054024
2011-02-13 14:00:00,574.0,501.2851538937817
2011-02-13 15:00:00,647.0,555.0622019207606
2011-02-13 16:00:00,580.0,445.90784508174403
2011-02-13 17:00:00,496.0,391.6682680365538
2011-02-13 18:00:00,450.0,356.1527927034986
2011-02-13 19:00:00,396.0,447.1354915572208
2011-02-13 20:00:00,255.0,159.3323069424127
2011-02-13 21:00:00,205.0,159.3323069424127
2011-02-13 22:00:00,114.0,120.59469599201229
2011-02-13 23:00:00,106.0,67.00872131287281
2011-02-14 00:00:00,69.0,38.86062307450906
2011-02-14 01:00:00,53.0,67.60610491901096
2011-02-14 02:00:00,35.0,63.224273443307666
2011-02-14 03:00:00,38.0,63.224273443307666
2011-02-14 04:00:00,67.0,114.831401036086
2011-02-14 05:00:00,119.0,265.3735969201023
2011-02-14 06:00:00,235.0,447.1354915572208
2011-02-14 07:00:00,416.0,392.9677876255877
2011-02-14 08:00:00,415.0,399.87745133791134
2011-02-14 09:00:00,386.0,404.4142159365379
2011-02-14 10:00:00,410.0,398.8899511555765
2011-02-14 11:00:00,418.0,402.22296580890355
2011-02-14 12:00:00,471.0,406.95607606623247
2011-02-14 13:00:00,531.0,588.7936083759525
2011-02-14 14:00:00,571.0,680.2978899460483
2011-02-14 15:00:00,634.0,680.2978899460483
2011-02-14 16:00:00,763.0,641.9256872672562
2011-02-14 17:00:00,662.0,499.6996077256472
2011-02-14 18:00:00,452.0,406.95607606623247
2011-02-14 19:00:00,398.0,265.3735969201023
2011-02-14 20:00:00,299.0,217.50915282223494
2011-02-14 21:00:00,211.0,159.3323069424127
2011-02-14 22:00:00,167.0,116.0819807252602
2011-02-14 23:00:00,113.0,64.35699141031536
2011-02-15 00:00:00,91.0,64.35699141031536
2011-02-15 01:00:00,44.0,72.34989398722075
2011-02-15 02:00:00,51.0,63.84492579105452
2011-02-15 03:00:00,41.0,59.99144805373816
2011-02-15 04:00:00,74.0,115.15738650768213
2011-02-15 05:00:00,130.0,265.3735969201023
2011-02-15 06:00:00,284.0,453.6063908630382
2011-02-15 07:00:00,510.0,404.26925324636267
2011-02-15 08:00:00,475.0,404.26925324636267
2011-02-15 09:00:00,441.0,404.26925324636267
2011-02-15 10:00:00,387.0,404.26925324636267
2011-02-15 11:00:00,395.0,399.0884772724538
2011-02-15 12:00:00,494.0,494.4528077855671
2011-02-15 13:00:00,495.0,494.31696544989694
2011-02-15 14:00:00,615.0,647.9479810870793
2011-02-15 15:00:00,617.0,680.2978899460483
2011-02-15 16:00:00,791.0,647.9479810870793
2011-02-15 17:00:00,677.0,449.82447360412675
2011-02-15 18:00:00,490.0,397.8619340907176
2011-02-15 19:00:00,346.0,265.3735969201023
2011-02-15 20:00:00,303.0,215.55640697556447
2011-02-15 21:00:00,226.0,161.63261485968889
2011-02-15 22:00:00,170.0,119.6101705553775
2011-02-15 23:00:00,105.0,64.1940136376167
2011-02-16 00:00:00,77.0,64.1940136376167
2011-02-16 01:00:00,53.0,68.03580954633169
2011-02-16 02:00:00,36.0,63.52506668243218
2011-02-16 03:00:00,40.0,63.52506668243218
2011-02-16 04:00:00,65.0,115.22711938876424
2011-02-16 05:00:00,112.0,265.3735969201023
2011-02-16 06:00:00,274.0,493.1653130704495
2011-02-16 07:00:00,538.0,493.1653130704495
2011-02-16 08:00:00,595.0,493.1653130704495
2011-02-16 09:00:00,509.0,493.1653130704495
2011-02-16 10:00:00,469.0,497.9157191493146
2011-02-16 11:00:00,437.0,497.9157191493146
2011-02-16 12:00:00,466.0,497.9157191493146
2011-02-16 13:00:00,553.0,497.9157191493146
2011-02-16 14:00:00,612.0,647.9479810870793
2011-02-16 15:00:00,720.0,737.2298384026944
2011-02-16 16:00:00,765.0,679.3085229622337
2011-02-16 17:00:00,723.0,497.9157191493146
2011-02-16 18:00:00,457.0,353.10695489244904
2011-02-16 19:00:00,379.0,301.35375338561795
2011-02-16 20:00:00,312.0,218.6894848828951
2011-02-16 21:00:00,283.0,164.1428304017822
2011-02-16 22:00:00,168.0,114.25898357213495
2011-02-16 23:00:00,154.0,63.96754667770252
2011-02-17 00:00:00,88.0,63.96754667770252
2011-02-17 01:00:00,59.0,71.17728267439176
2011-02-17 02:00:00,53.0,67.52409787207424
2011-02-17 03:00:00,43.0,63.16686851045196
2011-02-17 04:00:00,83.0,63.16686851045196
2011-02-17 05:00:00,130.0,272.4730624908501
2011-02-17 06:00:00,255.0,497.9157191493146
2011-02-17 07:00:00,560.0,455.4619561123508
2011-02-17 08:00:00,532.0,455.4619561123508
2011-02-17 09:00:00,443.0,455.4619561123508
2011-02-17 10:00:00,473.0,451.7233692786456
2011-02-17 11:00:00,482.0,458.10635849505184
2011-02-17 12:00:00,552.0,493.14100340452023
2011-02-17 13:00:00,570.0,729.3426208173202
2011-02-17 14:00:00,717.0,778.0837941691267
2011-02-17 15:00:00,800.0,725.6398345721241
2011-02-17 16:00:00,867.0,725.6398345721241
2011-02-17 17:00:00,787.0,554.1603327956428
2011-02-17 18:00:00,697.0,785.361059142872
2011-02-17 19:00:00,518.0,458.10635849505184
2011-02-17 20:00:00,439.0,353.10695489244904
2011-02-17 21:00:00,379.0,218.6894848828951
2011-02-17 22:00:00,313.0,161.90998689687325
2011-02-17 23:00:00,240.0,69.11680795731637
2011-02-18 00:00:00,148.0,69.11680795731637
2011-02-18 01:00:00,84.0,69.11680795731637
2011-02-18 02:00:00,66.0,73.58176557012145
2011-02-18 03:00:00,50.0,71.30723589908501
2011-02-18 04:00:00,95.0,64.9150651293595
2011-02-18 05:00:00,141.0,259.0618006205165
2011-02-18 06:00:00,254.0,554.1603327956428
2011-02-18 07:00:00,492.0,500.5987023831641
2011-02-18 08:00:00,477.0,498.01909166821486
2011-02-18 09:00:00,561.0,554.1603327956428
2011-02-18 10:00:00,682.0,602.6201717597463
2011-02-18 11:00:00,687.0,602.6201717597463
2011-02-18 12:00:00,811.0,785.361059142872
2011-02-18 13:00:00,917.0,933.4838049999997
2011-02-18 14:00:00,1104.0,785.361059142872
2011-02-18 15:00:00,1178.0,785.361059142872
2011-02-18 16:00:00,1312.0,388.24234770445156
2011-02-18 17:00:00,1185.0,556.21223295695
2011-02-18 18:00:00,1044.0,928.5386634999998
2011-02-18 19:00:00,899.0,928.5386634999998
2011-02-18 20:00:00,1044.0,257.54326043436157
2011-02-18 21:00:00,867.0,556.21223295695
2011-02-18 22:00:00,701.0,556.21223295695
2011-02-18 23:00:00,428.0,152.7158935794679
2011-02-19 00:00:00,238.0,64.9150651293595
2011-02-19 01:00:00,125.0,64.9150651293595
2011-02-19 02:00:00,80.0,64.9150651293595
2011-02-19 03:00:00,50.0,69.44054559055165
2011-02-19 04:00:00,75.0,63.608381913386154
2011-02-19 05:00:00,111.0,251.6802823040531
2011-02-19 06:00:00,160.0,67.02586733937031
2011-02-19 07:00:00,471.0,491.71336416775034
2011-02-19 08:00:00,590.0,602.6201717597463
2011-02-19 09:00:00,718.0,598.8341202318225
2011-02-19 10:00:00,812.0,598.8341202318225
2011-02-19 11:00:00,838.0,598.8341202318225
2011-02-19 12:00:00,830.0,598.8341202318225
2011-02-19 13:00:00,887.0,598.8341202318225
2011-02-19 14:00:00,841.0,598.8341202318225
2011-02-19 15:00:00,871.0,831.5760729439912
2011-02-19 16:00:00,683.0,491.71336416775034
2011-02-19 17:00:00,543.0,388.24234770445156
2011-02-19 18:00:00,519.0,353.10695489244904
2011-02-19 19:00:00,406.0,251.6802823040531
2011-02-19 20:00:00,331.0,251.6802823040531
2011-02-19 21:00:00,267.0,154.90112550562753
2011-02-19 22:00:00,235.0,114.32558195566959
2011-02-19 23:00:00,143.0,67.02586733937031
2011-02-20 00:00:00,96.0,67.02586733937031
2011-02-20 01:00:00,54.0,67.02586733937031
2011-02-20 02:00:00,48.0,63.11810713755921
2011-02-20 03:00:00,38.0,58.58267499629144
2011-02-20 04:00:00,43.0,58.58267499629144
2011-02-20 05:00:00,56.0,58.58267499629144
2011-02-20 06:00:00,117.0,57.807872497404006
2011-02-20 07:00:00,411.0,452.8434809638027
2011-02-20 08:00:00,492.0,452.8434809638027
2011-02-20 09:00:00,508.0,452.8434809638027
2011-02-20 10:00:00,563.0,500.6706839095383
2011-02-20 11:00:00,660.0,500.6706839095383
2011-02-20 12:00:00,713.0,500.6706839095383
2011-02-20 13:00:00,706.0,785.361059142872
2011-02-20 14:00:00,709.0,698.4800157925886
2011-02-20 15:00:00,831.0,701.6360110548119
2011-02-20 16:00:00,710.0,701.6360110548119
2011-02-20 17:00:00,650.0,500.6706839095383
2011-02-20 18:00:00,534.0,398.79875037518127
2011-02-20 19:00:00,419.0,256.2761976128371
2011-02-20 20:00:00,288.0,223.58263941802656
2011-02-20 21:00:00,235.0,151.33078785393926
2011-02-20 22:00:00,157.0,111.2795351582781
2011-02-20 23:00:00,147.0,57.807872497404006
2011-02-21 00:00:00,90.0,57.807872497404006
2011-02-21 01:00:00,61.0,40.423497337605525
2011-02-21 02:00:00,57.0,65.52585752372795
2011-02-21 03:00:00,50.0,62.968100266609554
2011-02-21 04:00:00,84.0,111.2795351582781
2011-02-21 05:00:00,131.0,256.2761976128371
2011-02-21 06:00:00,207.0,500.6706839095383
2011-02-21 07:00:00,409.0,404.85912526262683
2011-02-21 08:00:00,463.0,406.10138768383877
2011-02-21 09:00:00,453.0,406.10138768383877
2011-02-21 10:00:00,457.0,406.10138768383877
2011-02-21 11:00:00,472.0,406.10138768383877
2011-02-21 12:00:00,539.0,598.8341202318225
2011-02-21 13:00:00,632.0,598.8341202318225
2011-02-21 14:00:00,683.0,645.3661575128681
2011-02-21 15:00:00,763.0,697.8016454168578
2011-02-21 16:00:00,652.0,645.3661575128681
2011-02-21 17:00:00,629.0,500.6706839095383
2011-02-21 18:00:00,527.0,406.10138768383877
2011-02-21 19:00:00,358.0,306.3808361878868
2011-02-21 20:00:00,305.0,221.005493314833
2011-02-21 21:00:00,260.0,151.22208604843024
2011-02-21 22:00:00,135.0,117.19567461079465
2011-02-21 23:00:00,107.0,66.55436913063868
2011-02-22 00:00:00,66.0,66.55436913063868
2011-02-22 01:00:00,56.0,66.38805839144707
2011-02-22 02:00:00,42.0,63.271640874012945
2011-02-22 03:00:00,46.0,63.271640874012945
2011-02-22 04:00:00,80.0,117.87588055928936
2011-02-22 05:00:00,122.0,257.393338328986
2011-02-22 06:00:00,260.0,500.6706839095383
2011-02-22 07:00:00,478.0,406.10138768383877
2011-02-22 08:00:00,530.0,460.531419779409
2011-02-22 09:00:00,521.0,460.531419779409
2011-02-22 10:00:00,512.0,406.10138768383877
2011-02-22 11:00:00,498.0,505.00604458097166
2011-02-22 12:00:00,524.0,502.90423120668015
2011-02-22 13:00:00,592.0,598.8341202318225
2011-02-22 14:00:00,718.0,778.6527414000103
2011-02-22 15:00:00,733.0,778.6527414000103
2011-02-22 16:00:00,830.0,725.1204632582385
2011-02-22 17:00:00,800.0,502.90423120668015
2011-02-22 18:00:00,565.0,354.5748684247143
2011-02-22 19:00:00,406.0,305.9665853315207
2011-02-22 20:00:00,329.0,258.1753368302902
2011-02-22 21:00:00,282.0,151.22208604843024
2011-02-22 22:00:00,192.0,119.11311639150256
2011-02-22 23:00:00,116.0,64.66310402826633
2011-02-23 00:00:00,83.0,64.66310402826633
2011-02-23 01:00:00,69.0,70.16417281978643
2011-02-23 02:00:00,42.0,69.81492097385049
2011-02-23 03:00:00,31.0,69.81492097385049
2011-02-23 04:00:00,61.0,118.17918147405179
2011-02-23 05:00:00,126.0,265.3227357812031
2011-02-23 06:00:00,293.0,502.90423120668015
2011-02-23 07:00:00,490.0,502.90423120668015
2011-02-23 08:00:00,577.0,499.0329618446761
2011-02-23 09:00:00,564.0,460.531419779409
2011-02-23 10:00:00,566.0,499.0329618446761
2011-02-23 11:00:00,583.0,499.0329618446761
2011-02-23 12:00:00,623.0,499.0329618446761
2011-02-23 13:00:00,610.0,588.4941032395151
2011-02-23 14:00:00,686.0,725.1204632582385
2011-02-23 15:00:00,805.0,785.0569189800071
2011-02-23 16:00:00,854.0,725.1204632582385
2011-02-23 17:00:00,815.0,725.1204632582385
2011-02-23 18:00:00,589.0,406.07097137868715
2011-02-23 19:00:00,455.0,306.9136268124451
2011-02-23 20:00:00,413.0,265.3227357812031
2011-02-23 21:00:00,294.0,151.22208604843024
2011-02-23 22:00:00,217.0,120.52542703183624
2011-02-23 23:00:00,145.0,67.17044468169534
2011-02-24 00:00:00,95.0,67.17044468169534
2011-02-24 01:00:00,67.0,67.17044468169534
2011-02-24 02:00:00,51.0,67.11931127718674
2011-02-24 03:00:00,61.0,62.28351789403071
2011-02-24 04:00:00,112.0,61.8984625258215
2011-02-24 05:00:00,157.0,265.3227357812031
2011-02-24 06:00:00,316.0,499.0329618446761
2011-02-24 07:00:00,498.0,499.0329618446761
2011-02-24 08:00:00,650.0,458.8719938455863
2011-02-24 09:00:00,598.0,458.8719938455863
2011-02-24 10:00:00,580.0,458.8719938455863
2011-02-24 11:00:00,587.0,458.8719938455863
2011-02-24 12:00:00,589.0,589.2606039314653
2011-02-24 13:00:00,735.0,589.1824227520257
2011-02-24 14:00:00,783.0,791.039843286005
2011-02-24 15:00:00,896.0,788.6278903002034
2011-02-24 16:00:00,958.0,788.6278903002034
2011-02-24 17:00:00,855.0,554.2013395294359
2011-02-24 18:00:00,801.0,788.6278903002034
2011-02-24 19:00:00,611.0,589.1824227520257
2011-02-24 20:00:00,475.0,306.9276771380981
2011-02-24 21:00:00,390.0,306.9276771380981
2011-02-24 22:00:00,322.0,151.6488221637308
2011-02-24 23:00:00,205.0,112.60745924559976
